5.5762325e-06
0.025821602
0.106289856
6.839752e-13
0.9393204
0.0743412
0.20934515
1.199986e-05
0.118492685
0.23208207
0.94012254
0.055047255
0.12741162
0.8956301
0.071504675
0.103295825
0.31499982
0.43661377
0.93226796
0.09041163
0.039427765
0.6288557
1.2840807e-09
0.03325793
2.5192406e-08
0.91160476
0.053799592
0.071568124
0.09178434
0.2990335
0.037744153
0.8725445
0.95776325
0.09650471
0.1500498
0.043154273
6.138618e-08
0.96999466
6.3635514e-10
1.3054569e-07
0.19142042
5.185436e-05
0.20626119
0.06682703
6.788463e-14
7.4465836e-11
4.712715e-08
0.06922159
0.8776248
0.94808537
2.127811e-09
2.1602815e-12
0.17952324
0.843024
0.56328785
6.6616844e-14
4.2540925e-08
0.5974291
7.043943e-10
1.0470941e-11
0.09397632
0.10421818
1.7851922e-09
4.7656755e-08
0.2315616
0.16131441
0.96009123
2.924036e-09
0.24439944
0.07105428
0.9706448
1.3109638e-09
0.049356077
0.9026901
1.7578758e-11
0.013669269
0.8477204
0.13943966
0.9430446
2.5068622e-10
0.9150966
0.53385097
0.15799542
0.035930924
0.07576714
0.16007835
5.6814102e-08
2.5353977e-09
0.2110515
2.052822e-07
6.8655207e-11
2.2734002e-07
0.9210543
0.9716726
0.17774998
0.89004886
0.1645846
0.13667266
0.80978227
0.18057542
0.19304618
0.9220859
8.8582135e-11
0.19607528
0.13908918
0.18683435
0.07819252
0.006812079
0.058564372
0.18925793
0.29704362
0.013726089
0.1594916
8.433142e-08
0.9045581
0.053132895
0.92892694
2.5843678e-07
7.3872926e-08
2.6734037e-08
0.09503847
3.75229e-08
0.94587266
0.36334717
0.20358992
6.464326e-06
0.056095384
0.06798999
5.709995e-11
0.040860027
0.09633507
0.039888598
0.02601865
0.954119
0.06765847
0.08710922
0.86036193
0.22642203
6.5374733e-10
0.95226836
0.9212615
0.015186574
0.9299609
0.24904649
0.15223725
0.028765235
0.09530563
0.9451017
1.8574359e-07
0.09983472
0.009233405
1.7734751e-11
0.901618
4.0326884e-09
1.9647277e-05
0.08673177
0.028811906
0.04375746
0.684446
0.07517612
0.21844241
0.209182
0.6920044
0.8523895
1.7198086e-12
0.01695185
0.05417394
1.0288603e-08
0.5897528
0.8714337
0.49469152
0.36661595
0.3810812
0.096270554
4.066093e-09
4.1326352e-06
0.112882584
0.9664315
0.057192326
0.030146519
0.26206157
4.4215187e-10
0.100223996
3.6831912e-06
0.9305183
0.95394504
0.07277977
0.0010536737
0.21017955
0.05156515
0.1729222
0.94521457
0.082565665
0.008592887
0.14625031
0.13715036
0.92393255
0.047175355
0.85105973
0.1228761
1.332842e-07
7.3256774e-09
0.20093563
2.5634222e-08
1.16712005e-11
0.90301037
0.017271833
0.7664849
0.041155186
2.436995e-12
0.026877467
0.16432233
0.04727432
0.0069736918
1.631559e-08
5.3719358e-08
2.3308556e-11
0.034115717
0.23020557
0.84601665
7.378912e-07
0.12376843
0.88979745
3.6306536e-09
0.03521019
0.2532888
0.94187987
0.040617764
0.86600685
0.15977424
0.9448463
0.14358136
0.10958303
2.4106172e-05
2.7973118e-07
0.11767907
0.16455524
0.3016084
0.00021092086
1.5080906e-12
0.94662654
0.19968669
0.063435614
5.5550298e-09
0.11503678
0.21736483
0.19734938
0.91020226
5.765576e-08
0.91195923
3.4517678e-10
0.90897197
0.06656924
0.92805415
0.31711242
0.11221519
0.3021953
0.068036474
1.189357e-06
0.13503474
0.42380473
7.334625e-06
0.08680825
0.9262013
1.0503585e-07
9.673264e-14
0.89703417
0.9155371
5.014487e-08
0.13370232
2.8488162e-07
0.039482355
5.576349e-08
3.3051677e-09
0.30794758
0.029373387
8.172898e-09
0.86158353
0.3172109
0.097871214
0.8079939
0.1033941
3.0433203e-08
3.9069036e-07
0.06897069
0.068778954
7.982403e-07
0.3191676
0.08075504
0.87531835
0.08167245
1.0942769e-07
0.11906106
0.04305097
0.07290504
2.7339008e-08
5.355868e-07
0.883582
0.9229167
0.11616045
0.0009887607
0.16988845
0.8880749
0.003989964
0.8530477
4.4603087e-08
0.9209822
0.06046818
1.0408685e-09
1.1261841e-05
0.74291414
0.91225904
4.8216265e-07
6.829262e-12
5.4393214e-09
0.7919982
0.14529765
2.57357e-10
0.03893088
1.147306e-08
0.90924144
0.08278048
0.16453756
0.00013674305
1.9230423e-10
0.36177242
9.206641e-11
0.16363065
0.9743723
0.042306427
0.24482882
0.8488658
0.92439437
0.02521981
1.7614125e-08
6.86798e-08
0.352694
1.3315857e-09
0.7845955
0.5273773
0.8187336
0.82215816
0.19717975
0.14285062
7.826245e-09
1.1965935e-07
2.0946005e-11
0.01549376
0.90293205
0.79030883
6.441231e-13
0.8307878
0.90917987
0.18706201
3.4376761e-09
0.35883164
0.05294455
4.0347103e-07
0.859472
1.0108445e-07
1.3609446e-07
0.9440964
0.87354857
2.2809898e-08
0.8602498
0.0114287585
3.7334864e-08
0.17789742
0.010951191
0.8659303
3.1325613e-05
3.9506123e-08
0.015895432
0.044811916
0.048819892
0.43889448
4.808076e-06
0.9164674
0.097116046
0.03466478
0.11346759
2.6984007e-10
0.20118569
0.39414534
0.055172548
0.09763529
1.1471434e-07
2.188491e-12
3.092024e-08
0.8893085
6.2950686e-13
0.037706345
0.15713559
0.02270331
2.0861826e-06
0.09852572
0.6683091
0.15552905
1.7431103e-09
0.84250176
0.06586793
0.05179479
9.730982e-14
0.12896769
0.8192387
1.7833374e-07
0.007323274
0.9487022
0.043063175
3.565736e-10
4.3574094e-12
0.29650173
1.1400485e-08
0.14934993
0.19573389
0.10584174
0.023259565
0.081690505
0.05331054
0.13041501
8.148103e-09
0.11873471
0.07273353
3.19977e-10
0.033588655
6.543143e-08
0.14199267
0.055571143
0.8691329
0.9107541
2.097173e-09
1.2737405e-07
0.95227253
4.1401145e-06
0.16376092
0.030486299
0.11979657
0.9427646
6.6178467e-07
0.14420748
2.0995213e-10
0.11802879
0.2212084
0.14294751
0.7723787
0.020438103
0.638552
0.044293806
3.2367691e-07
0.09509646
0.07160641
4.5194203e-13
3.641266e-08
0.16099274
1.225774e-09
0.020449724
0.14518622
2.5728118e-08
0.4688168
0.15373923
0.059308596
8.143943e-08
0.9319069
0.05968143
9.352452e-06
4.528701e-06
8.174009e-08
6.93309e-08
2.317428e-07
0.008491692
7.536569e-09
0.06344481
0.08325532
8.176276e-14
0.22127968
0.00043427723
0.23240128
0.089052975
0.87912065
0.97340107
0.03210506
0.035535064
0.075434834
0.025451835
0.1732585
0.0884251
0.056519993
0.9238438
0.32410258
0.92693746
1.2425386e-09
0.19001032
0.060908336
6.919853e-08
0.18546258
0.060691174
0.20072854
1.9278374e-07
0.019326577
6.3215e-10
0.9202092
1.9185925e-12
0.844755
0.11659724
0.021740027
0.070696436
0.9405031
0.24108304
0.13071781
0.9313705
0.06630488
0.0012192345
0.7682758
0.13324013
0.97715616
1.7527491e-12
0.05341942
0.03886632
9.539502e-08
0.04537038
0.18841554
0.017755331
0.08222642
0.9274015
9.1143576e-10
0.88583624
2.7957436e-05
0.027540123
3.851423e-10
0.14728746
0.3606943
3.5875775e-07
9.89641e-10
0.07548728
0.15885763
4.705556e-12
0.112769485
0.06064976
0.35970408
0.25913686
0.8664332
0.04109193
0.9260618
0.056699865
0.2739718
0.09649824
5.3904103e-08
0.18753244
0.11107028
0.91640365
0.2249972
0.95654774
1.2401888e-05
0.25327808
7.9504535e-11
0.05293811
2.37053e-11
1.0757295e-13
0.4191345
3.4247456e-08
0.88210374
3.5440978e-06
0.22935255
2.1480724e-10
6.629794e-06
0.83128726
0.94630235
0.93523616
0.13724524
9.875947e-07
7.731663e-08
0.9182885
0.092872344
7.279626e-10
0.003725156
0.23720771
1.1499689e-06
0.5035808
0.036132585
2.895914e-08
9.803064e-09
0.54941034
2.6803837e-06
0.28558964
0.039765913
0.7286681
0.057488345
0.9059454
0.9134716
1.5079219e-06
0.9074431
0.08622054
0.28851444
0.023044059
0.30697116
0.46146894
0.18341997
0.86638886
1.2551344e-09
0.1144953
0.0558139
3.1958984e-09
4.7420508e-07
4.7137616e-10
0.0001050854
0.009480948
0.016458085
0.94932985
0.077692434
0.39998925
0.94125724
0.9277929
0.27521613
0.86417675
1.4957262e-13
0.184534
0.007013054
1.3173094e-06
0.67371964
0.8017227
0.3800812
0.26590765
0.4703881
0.05700054
0.09610284
0.013694102
0.043179087
2.8658196e-06
5.1054563e-08
6.9159205e-12
0.8016522
8.490336e-09
6.064469e-10
0.16909483
0.17721482
0.105807014
1.0038247e-06
0.88968194
0.117860384
0.06434101
0.042802997
5.4148945e-08
0.9250952
0.92724395
4.4490484e-06
0.16738142
0.92500466
0.28314626
0.17442624
1.633237e-12
0.014358529
0.7969842
1.9208638e-11
0.11074768
0.121364154
2.0335076e-06
1.215509e-13
0.00042991954
0.36740682
0.90066516
0.43599698
0.17943989
0.16992125
9.422805e-09
0.17918752
0.7919596
0.7208078
1.5128282e-05
0.22134975
0.8538768
0.13229251
0.0594945
0.83160865
0.9317373
0.38579106
0.09474833
0.20586693
9.223711e-10
0.05094323
0.062326245
0.2829862
2.5673605e-08
0.93317574
0.9038066
1.7134101e-13
0.031196753
0.78655154
2.3638293e-07
0.9467252
7.643986e-06
3.075157e-11
3.502534e-11
7.576943e-12
7.190564e-05
2.0336279e-06
0.9419509
0.89926064
0.085655145
0.08169304
5.0407618e-08
7.6333115e-12
0.020593984
0.9354783
0.9290288
1.6563868e-05
0.1033195
0.015892418
0.19991383
1.5218886e-08
0.06431423
0.2898378
0.8438047
1.7679208e-07
2.165071e-08
0.098837554
0.15247074
0.8417103
0.9463804
0.933939
0.57316065
0.2047122
1.0075665e-07
6.657014e-13
0.913758
0.09247795
0.7749028
0.17319635
0.8845253
7.855812e-13
0.8941678
0.881665
0.035588503
6.763682e-08
1.9454123e-05
0.03870117
3.6571464e-07
7.0042095e-13
0.10145359
0.8004756
0.15396151
1.4098725e-13
0.00018846219
0.068453915
0.89201283
0.09306075
0.3661225
1.5909218e-11
0.20731814
0.61104035
4.3997615e-11
0.7818328
2.8066133e-06
0.04614093
1.4998034e-12
7.05258e-12
0.06884235
1.7541068e-12
4.0782476e-13
0.19344963
0.034750152
0.12375141
2.5527543e-13
4.934497e-11
2.4302498e-09
0.16863139
0.06095925
0.9434659
0.033538327
0.5377644
6.972613e-11
0.087164946
0.2499609
0.10915083
0.9247603
0.859412
0.97042894
2.3787813e-08
0.852403
0.17579927
0.93680155
0.41054437
0.041956827
8.518954e-08
0.9525825
0.41652575
0.020760536
0.2771667
0.019020893
0.10489428
0.25930434
0.842666
0.0266629
5.4132987e-10
0.8494767
2.4087494e-09
0.07557892
3.9042687e-05
0.0005203147
0.2311462
0.047183793
0.074365474
0.91081834
1.4733338e-06
1.1688275e-07
0.28931457
0.4624365
0.023882203
4.1289447e-08
0.9133118
0.9398769
0.08381088
0.8589891
1.0533685e-06
0.18476187
0.059465535
6.472144e-05
3.2639114e-11
0.18294378
0.08169897
0.20807573
0.022216804
0.71693844
0.0970066
0.92253214
1.0598023e-08
0.86708236
6.839345e-06
0.29166564
0.03860818
0.949713
0.9259395
7.876252e-05
0.91854435
0.18990625
0.94283634
0.043517906
3.3421375e-07
0.91889954
0.025797175
2.588991e-07
1.5522137e-07
0.19470622
0.2547411
0.4745856
0.032813612
0.24009846
0.96903193
2.8735574e-05
3.162641e-11
0.2627182
1.4705164e-09
0.13262722
3.1248317e-07
4.9497606e-07
1.7160806e-11
0.45739532
0.905161
1.9859212e-07
0.12205879
0.15348643
4.4571955e-08
0.9399724
5.4440434e-09
0.00053858646
0.08458352
0.86236084
0.10576618
3.653472e-07
0.024819236
4.7600868e-05
6.1800204e-11
9.483529e-13
3.857028e-12
0.11614231
0.1530345
4.00742e-05
0.07007212
0.9276319
7.810582e-07
0.0931796
0.18659352
0.0086178
0.17863095
1.7573294e-11
0.75394636
0.0812242
1.8041337e-05
0.13324851
0.119211785
0.035216346
0.19117467
1.5185997e-09
0.93368864
0.06426561
0.85927826
0.8889876
0.15305771
1.3579084e-07
0.15632762
0.063476056
9.1967e-07
0.9636909
0.14279148
0.9076852
0.09857543
0.29461497
0.12522464
0.28149903
4.8894027e-08
0.23179717
0.2432442
0.3176392
2.3214959e-07
5.7706005e-13
0.9321527
0.10520582
0.089648075
0.028728638
0.16474053
1.2262092e-05
1.3363167e-07
0.23535253
0.022677736
0.08281309
0.15502208
0.043170992
2.3395714e-08
2.1006046e-12
0.08251675
6.652892e-08
0.8170794
0.9036625
0.24982004
1.1568377e-07
2.6402878e-08
1.6659076e-05
3.727061e-12
0.10285814
0.057732366
2.2812894e-06
0.14498603
3.036384e-13
0.2667609
6.847189e-07
0.2575133
0.21062818
0.9493507
0.22442317
0.09730574
0.075168625
0.1335662
3.9150945e-07
6.802056e-11
0.16522057
3.6221128e-12
0.07604011
0.97374445
0.06823048
0.13041
0.9223148
6.251262e-07
5.275929e-06
0.20086853
0.089350164
1.1043151e-09
2.3127147e-09
2.381268e-06
0.026520895
0.18390322
0.10434106
4.7586e-06
0.8695463
1.868875e-07
2.4307039e-09
0.9202203
0.519693
0.8169951
0.04958384
0.1496263
0.014765021
0.011267705
0.24257945
0.105958454
2.6424687e-12
0.017574338
6.374192e-07
5.562417e-07
2.5169978e-08
0.073677115
0.92651063
2.180744e-09
0.17516667
0.9193501
0.018618777
0.059746612
0.184713
1.5772633e-13
1.3789069e-11
0.008171809
9.8434204e-05
0.9099753
0.9121338
0.95221925
0.011432476
0.89025885
0.07539417
1.4186867e-11
0.9175758
0.9016376
0.00028549237
0.03988705
0.06386447
4.2474563e-10
0.08254788
6.872193e-10
0.00012453682
0.637231
0.09898808
0.91715914
0.019503023
0.9221714
0.04078414
0.39024702
0.8243252
0.012253303
0.10023241
0.13730887
0.87674695
0.41017407
0.9258188
0.026410248
0.20525685
0.86608696
1.4596453e-10
0.85730374
0.06973353
0.15678783
0.86950743
0.894882
0.26897666
0.90580505
0.011746626
0.87751406
0.9180401
0.012857579
0.08080748
0.36967903
0.2138339
0.053737473
0.14970106
0.90899956
0.21357514
0.1887518
2.163968e-06
0.93801266
0.0043859123
0.15027407
0.14914124
0.17998566
0.4015015
0.92340267
0.06358359
1.0539623e-12
0.06028307
3.1558123e-08
0.8624427
0.27720264
1.3206707e-10
0.21122542
0.3443983
0.9558935
0.9205179
0.00022464481
2.2218853e-13
0.73774064
4.4706057e-12
1.4777804e-11
0.27263486
8.429779e-07
1.6481675e-08
0.23734777
2.674995e-08
0.0076999376
6.2969156e-07
0.5264687
0.00017671581
0.018848442
0.8031054
2.6354556e-07
0.8248926
1.5000711e-05
1.0311291e-05
2.3508656e-12
1.8363249e-13
9.860861e-07
4.381824e-05
0.8911801
0.014157405
0.017169079
5.1032664e-05
0.23006096
2.6609396e-12
5.8597116e-06
0.022779144
0.050904553
0.062327135
2.0196436e-05
4.9052446e-06
0.7506044
0.00019091817
2.74862e-11
0.08226622
0.10447469
0.093824886
0.9196863
9.518954e-14
0.044188216
1.4444028e-07
0.24292141
0.20578746
1.31686635e-08
0.1730299
0.90094596
0.18560725
0.5437504
0.9679183
0.06849005
0.9264464
0.927961
0.0016448848
4.779329e-08
0.15692045
3.25576e-11
0.17770998
0.13069588
0.9649284
0.010330775
0.7225545
0.093956746
0.37971103
0.9391415
0.8844711
0.15199287
0.07455657
0.00078301004
0.10997572
0.12247954
0.022492336
2.0776639e-07
2.0956492e-07
0.5094907
1.2140174e-12
0.9094635
1.439029e-10
0.1791964
0.0032716466
0.20140797
0.047785535
0.35881984
0.021449748
4.7452754e-12
0.16539142
3.293125e-08
3.357952e-07
0.9196863
2.2170818e-12
0.7424288
0.9400239
0.23540658
0.8761259
0.050866537
0.17915583
2.6588651e-08
5.78506e-09
6.961287e-06
5.9932295e-11
5.1690176e-08
1.8499985e-11
0.078121096
0.24998683
2.720588e-09
1.3655861e-09
7.803812e-09
0.93624467
0.048796743
0.1652108
4.915196e-05
0.04926793
0.21910734
0.035392445
0.26332593
0.39174843
0.00036206417
0.093146265
1.4740477e-06
0.12158133
0.93910617
0.9173496
4.029397e-05
1.5421036e-11
5.877008e-11
0.92158633
0.024470506
1.4747e-11
3.5551238e-09
0.05491604
0.25761873
0.8912124
0.18564
0.02501408
0.022962015
1.32094265e-05
0.046460755
0.19190446
0.8415904
0.13429444
1.2014567e-11
0.3252526
0.088828824
0.06947787
0.1208763
3.7275784e-13
3.1120784e-10
0.8107075
0.08751079
0.9140091
2.1856509e-07
0.93827033
0.21265471
0.04944156
0.9185889
1.6085517e-06
2.0312825e-08
0.17411733
0.9084499
0.94140714
4.4645836e-11
0.10239285
0.20795338
0.9677987
0.9167092
1.0338291e-12
8.178178e-07
1.9032946e-09
0.0835603
0.14224498
0.17829655
0.022167282
1.1577537e-09
7.3518e-12
0.45611262
0.038293824
0.9022371
0.16237842
0.29657102
1.513997e-06
0.05710032
0.008029806
5.9276755e-07
0.88966465
0.91258645
0.07671309
0.9431709
4.861308e-13
1.7562494e-12
0.056997385
1.4466787e-11
0.07130122
0.92994004
0.91823536
0.0021260392
0.9119776
0.28050292
2.9475473e-06
0.031263676
0.14317396
7.2072074e-13
0.8016055
0.010863718
0.04583613
0.96011925
0.96514153
0.23529929
6.9046743e-13
0.10775216
0.9290608
0.96185726
0.91950184
0.93586856
4.0472244e-11
2.0932887e-09
0.96025234
5.6419786e-10
0.9765094
0.05531899
0.33866605
0.82454365
0.14008436
6.555269e-09
7.761372e-13
0.7866137
3.8235328e-08
0.032072213
0.15522665
8.583608e-08
0.46362555
1.5668725e-07
0.77980465
1.2532915e-06
0.13360894
0.90116304
0.11725927
1.7224958e-10
5.216934e-13
0.06481981
0.00012519668
0.33496597
0.040649187
0.88717073
0.2687132
0.93226653
0.071948044
1.0317567e-05
9.440502e-10
9.728741e-13
0.9197647
9.385386e-13
0.14235358
8.5818634e-14
0.16195312
2.8926461e-08
0.07425688
0.15781382
2.1136346e-08
0.17713481
0.8941726
9.3029094e-08
0.14507881
0.01780178
0.08596491
0.32968986
1.2543852e-13
0.17104985
0.9449843
0.046265002
0.30578923
0.9302252
1.6912728e-09
0.8711987
0.030200996
1.7368211e-09
0.21758948
0.73959804
8.345347e-06
0.10679041
0.90957993
7.6115484e-08
0.8846466
1.1018759e-10
1.8841069e-05
0.037581168
5.9467375e-11
0.366765
0.17255901
0.25547484
0.16360673
0.29249623
0.13751198
0.8993393
4.381891e-05
1.2497844e-11
2.6922402e-07
0.15507013
0.10094319
0.1759762
0.47647375
0.112084925
0.0003320577
0.9314555
0.9282366
2.1979329e-08
0.9475983
1.004904e-12
0.90273654
2.9025862e-06
1.2903683e-07
0.03463414
0.027966477
7.3721466e-08
3.4454431e-12
0.926228
0.093638234
0.07189273
0.64719296
0.084217854
1.8613743e-07
1.42974295e-05
0.10302478
0.94960666
0.95130897
0.27807912
0.06861356
0.18914339
0.07030479
0.9407473
0.9061595
0.1156093
0.046324816
2.0352694e-08
0.015221279
0.12394565
0.11812258
0.18151577
0.040152155
0.20502813
0.95239526
2.1110488e-11
0.9364716
3.7049544e-05
0.14224474
0.10690789
0.048985656
0.91989166
6.07689e-11
0.16750306
0.18167521
0.036408234
0.13245827
8.723591e-11
0.93957853
1.11896865e-08
0.005691366
0.09079782
0.07269634
0.9058842
0.030990131
0.9086194
1.0439911e-11
0.91167325
0.0193372
3.0326063e-08
3.7337888e-10
0.11800828
0.19103687
0.9432063
2.1379036e-13
1.1871638e-09
0.12532695
1.7525274e-05
0.118937194
0.16795307
0.06754286
4.362815e-08
0.08113496
0.4297184
0.16420577
0.19876373
0.10169942
0.23860833
0.9220697
0.28107888
5.989467e-06
1.8136197e-05
0.9767214
1.1909966e-13
0.17435025
0.05382984
0.038690493
1.1102587e-08
1.5555962e-10
0.03487145
0.63513374
0.25282693
0.51289785
0.07095893
0.9157536
0.27437568
0.95258844
0.95449924
0.048527952
9.262541e-08
0.0572486
1.3920599e-05
0.905639
0.0856099
0.17054781
0.806066
8.855557e-08
0.14897165
0.12426363
0.070207186
0.96454316
0.00041123352
0.10802736
0.6999934
0.94124424
0.9459418
1.832057e-09
0.040847152
0.056695078
2.6732818e-07
0.67542744
0.09386077
0.92280376
0.22098851
0.031501707
9.509001e-08
0.100170285
0.24553342
0.049055323
0.12182515
9.367236e-05
0.8684552
2.0342911e-12
0.5528958
0.027511574
0.7014472
0.11261925
2.3395257e-09
5.852208e-11
0.27145875
0.019116793
0.19173497
1.880723e-08
0.8921623
0.2862529
0.9387583
0.002638297
0.24780712
7.560342e-12
0.90037835
4.099058e-11
0.9146729
0.031987224
0.038600676
2.1539873e-07
0.058273446
4.046759e-08
1.5759884e-13
2.8756216e-11
0.022568876
0.12263577
0.8827814
0.0010509919
3.0301458e-06
0.25264668
0.89243984
0.040286444
0.087255456
0.9537884
0.13482967
7.777733e-09
0.115013674
0.8642807
0.7506736
1.2887955e-11
0.14904349
0.01730564
5.818271e-08
0.10947353
0.9446086
3.4891055e-11
0.95076776
0.070736125
0.8744864
3.2783348e-08
0.022555908
0.921887
0.07992431
0.2983524
0.9141859
0.94324344
0.14455076
0.36104083
1.0270388e-08
0.9659822
3.5776548e-08
1.4754365e-08
0.109897986
6.997727e-11
1.7935596e-05
0.8975602
7.300075e-06
0.2142707
0.9577296
0.9078503
1.9543004e-08
0.26774505
0.1867876
0.9324879
0.941875
0.19557783
0.014037872
0.18809861
0.18163651
0.17353803
1.8295533e-09
0.2092125
5.6527226e-12
2.2574002e-07
0.07362558
0.062551916
0.85956794
0.30493566
0.044437204
0.46869156
7.1061825e-13
0.9754367
1.5194559e-07
0.15661037
0.956909
0.020240333
0.26366374
0.22742292
0.00989685
0.16834857
0.022993531
0.26454318
0.023736486
0.9207046
0.9237628
8.8581795e-11
0.012972982
0.10302081
0.30559605
2.7524105e-09
0.0066355155
7.0773404e-14
2.2058597e-10
2.7267102e-11
0.25713274
0.11042522
0.3527087
0.10509977
0.20830923
0.9291535
0.19683778
0.88296497
0.26149976
1.086218e-09
2.0769875e-12
0.8227635
4.163662e-12
0.04351243
0.3046558
0.046267275
0.22421542
5.9048875e-07
0.85201794
0.27350622
6.923803e-11
0.8374329
0.8933475
0.34116286
0.025683315
0.93763816
0.020887297
0.035573818
0.20120835
0.8052357
8.8242295e-12
2.8514489e-05
0.91172487
9.430482e-09
0.95812714
0.05300515
1.1964976e-13
0.9367096
0.17409953
0.34691554
0.1014138
0.36451447
2.6436056e-10
0.24808884
0.8317099
3.1558486e-08
0.9117823
0.89222836
0.2876204
0.9177611
0.14132833
0.82309437
3.470348e-08
0.18890376
0.021231344
1.4992844e-10
9.927102e-12
0.5845845
3.2596523e-07
0.07307187
0.09483293
0.9227005
0.23319386
6.429653e-10
0.061222255
0.22757435
0.9298615
0.00020878215
0.9571055
0.8391735
0.13248664
0.8869162
0.057987254
0.2191707
0.25617185
8.2587073e-13
0.17574468
0.17538114
0.15706232
4.0296836e-08
0.15478186
0.06229041
0.09003874
0.90542763
0.8920836
0.13419679
0.046475556
0.8639603
0.91069627
1.7433477e-07
0.12014569
0.9679157
1.0142954e-08
0.6952901
0.9127269
0.93991756
2.3579343e-08
0.2916015
1.2675245e-06
0.056986865
0.32201314
2.6806035e-06
8.724261e-06
0.06449776
0.15029307
5.2331916e-07
0.0019389994
0.92522717
0.14664185
5.4722687e-08
0.106302
0.05335177
0.26190045
0.15337956
0.40969682
7.0345836e-06
2.8129594e-11
2.8850422e-06
0.06008774
0.07624427
0.10348224
0.87876314
3.7969702e-08
0.06054245
0.9478641
0.96118605
0.9416184
0.07705733
0.1497414
0.022342466
0.06280376
0.93324924
0.0048893597
2.6716604e-08
1.6751468e-09
0.041254293
0.13311595
0.94505906
5.2711364e-09
0.20241499
0.050768875
0.3165038
4.0511613e-12
7.1579335e-12
4.3136158e-08
0.9435995
0.061692894
1.1143516e-07
4.7195243e-08
0.19515601
0.91444975
2.1028528e-09
2.583666e-11
2.9194563e-08
6.933117e-08
0.9240108
1.34559095e-05
5.1992573e-11
1.824142e-09
2.8063505e-08
0.9016403
0.00021657399
4.584912e-06
0.117391974
0.10255194
0.44096613
0.066501
1.3285331e-10
6.864405e-08
0.037631337
2.86922e-09
0.4091877
2.6241317e-08
0.92909527
0.19730166
0.34448987
3.0123277e-14
0.51395357
0.10564532
6.687293e-08
0.9478472
1.8571755e-11
2.7081595e-07
0.24879816
4.476092e-12
7.108663e-13
0.91880924
0.1373641
0.33193552
0.07993493
0.9560542
6.974935e-09
0.87365043
0.14888881
0.9080013
0.041425455
0.36699194
0.21930262
0.027252069
1.1651709e-12
0.56841266
0.0063309195
0.22551309
0.9306949
0.038630847
0.21226269
4.910351e-06
0.016924463
0.15505594
0.35697246
0.89361596
0.078224264
9.534372e-12
1.4230879e-07
7.13467e-11
0.9068389
0.08218608
2.250805e-07
0.102524534
0.16385879
0.16024274
0.079097815
1.973127e-06
0.11393247
0.23324093
0.50316775
0.28731462
0.9192529
0.7398549
0.0256978
0.89803714
7.0308406e-06
0.000107353044
0.96821266
6.4542576e-08
0.16854243
0.09737447
0.21456093
0.118573844
0.47562706
0.9464467
0.0410657
0.25145054
0.012322855
0.00070320204
0.9256004
0.2728584
0.2165648
2.8448459e-12
7.4972306e-08
0.12362621
0.14170137
0.40491688
0.66937727
0.9522374
0.30066413
0.2635267
0.956664
0.7338423
1.5013185e-06
0.09375315
0.12534796
0.068107605
0.91511744
0.016789025
0.17877153
0.9468542
0.5871018
0.14976858
0.8842882
0.9381315
0.25582027
1.13526785e-05
0.9400391
0.29297647
0.2490913
0.23195186
0.059447493
0.031117663
0.11792074
0.27388892
0.02487976
0.9382042
0.17761928
8.644531e-06
6.1265923e-06
0.8613971
0.9085066
0.12161921
0.015900034
1.0806081e-06
0.8463399
0.27543217
0.11706432
0.0526229
4.5331896e-07
1.5497288e-05
0.26227528
6.024185e-11
0.759881
1.721848e-05
0.13800815
1.03468435e-10
0.05985549
0.20806153
0.9019481
2.0577449e-08
0.9317812
0.66333723
0.023664368
9.160355e-06
0.19842303
0.0143788215
3.4096423e-09
0.33328938
0.18269418
0.1602806
5.239464e-12
0.40687245
0.02398584
1.3187575e-05
0.020143485
0.065179564
0.08150281
0.08265572
0.20200177
4.083722e-08
0.101125
0.0014508456
0.9505562
0.17618594
0.07353801
0.09951926
0.36605185
0.15597057
0.9398711
0.1653687
0.14869829
0.91135794
0.31170884
0.42030606
0.031860888
0.11763526
0.9507748
0.14762133
3.5915236e-05
0.031230967
2.6363128e-07
3.396157e-08
8.561795e-12
0.9363014
6.7558513e-13
0.93785757
3.319736e-07
0.03307816
0.1493089
0.17775083
8.8399427e-13
3.984056e-13
0.28559244
0.02478186
0.19508515
0.0051926165
1.7013974e-08
0.18561135
0.9756541
0.12959966
0.062131282
0.11666626
0.049025588
0.23898569
0.8653265
0.08850029
7.4567894e-11
1.4101624e-10
0.9143532
0.9328031
1.0409579e-09
0.9353653
0.06034885
1.075444e-10
0.0008314363
0.10774434
0.11104051
0.1881907
0.06507474
0.0765247
0.2171799
0.26456925
0.17813781
0.9655298
0.9013057
0.1022991
3.5743034e-07
5.042098e-12
0.12691233
0.00010998821
0.1159022
0.0068236087
0.10248427
2.1280107e-12
0.08142778
0.12126752
9.919224e-13
0.28903925
1.8430183e-11
0.10245543
4.3784563e-11
0.88927805
0.0021996002
0.85499036
0.12892988
0.08284729
0.25336412
0.19782215
0.16047008
1.3306876e-08
0.26890406
0.01633321
0.929618
0.17478262
0.34398055
1.0058975e-06
0.28447744
1.5739348e-08
0.023104595
0.0002710339
0.024964465
0.9285737
0.6889088
0.14878425
0.06555378
0.91566557
0.3318747
0.78563213
1.7230403e-07
0.24579328
4.428783e-05
0.95704997
8.588127e-12
8.224282e-13
0.08302801
0.9185606
0.63109964
0.2797363
0.7931508
0.042473324
8.162694e-09
0.36279663
0.20187211
0.112214975
0.77422434
0.18831144
0.8721252
6.3078154e-11
0.92673576
4.489897e-07
1.631773e-09
0.44090694
0.9368847
4.831458e-10
0.03212262
0.042588726
0.21473427
7.2402613e-06
2.0145452e-08
0.18052801
0.9408195
8.311156e-09
0.85173243
0.28390324
0.17163964
0.0127394525
0.97439474
0.72389346
0.1379871
2.9943303e-05
5.104734e-06
0.13984431
0.05143169
0.029417831
2.2324886e-09
0.12586418
0.24485457
1.8113283e-12
0.0924741
0.13229911
0.09867812
2.0841991e-11
0.04462184
2.203694e-10
0.15725774
0.09439074
0.89351934
0.05897979
0.18866614
5.7020696e-08
0.38126084
2.984309e-08
8.360149e-11
0.109665684
0.17549954
0.00038044684
9.177204e-11
0.12037201
0.9479509
2.394961e-12
0.06543143
0.30051076
0.015122347
3.115514e-08
1.5884531e-08
1.7896309e-13
8.4122653e-10
2.2381609e-07
0.8893422
2.0225607e-12
0.12616886
7.535645e-10
0.96483976
2.659073e-08
0.1610577
1.3665142e-12
6.5381505e-09
0.9418677
0.07443075
0.92360526
0.10955474
0.1806011
0.026921222
0.85544634
0.1335487
0.14428686
0.93336535
6.076844e-11
3.674174e-08
1.06874246e-07
0.046959795
0.082522385
0.95983595
0.19562808
0.22957861
0.105981514
1.3789656e-10
1.00154246e-07
1.1254085e-07
0.19335398
7.195196e-11
0.21221973
0.6950798
0.08033582
2.9250231e-09
0.04316002
0.008202417
0.014633777
0.058925223
1.2318399e-05
0.20796043
0.78025246
0.037879754
0.22154373
0.89946705
0.17347501
2.5246628e-11
3.465499e-08
0.9018427
2.0342902e-07
9.310369e-06
0.29508594
0.22219364
0.27991906
0.031362295
0.8990465
7.403194e-07
0.2995575
0.13342036
0.78192973
1.7539806e-11
0.20752952
2.070931e-12
0.03635229
0.23651196
0.072811425
0.12798354
7.658172e-05
0.016473645
0.0450633
4.58208e-06
0.07501222
0.08015346
0.09779143
0.6984492
0.9488552
6.111023e-06
1.0588995e-11
0.87543297
0.045619737
0.39316776
0.17511241
0.17527679
2.9228607e-08
0.3079248
7.7038385e-09
4.3056766e-11
0.12934856
0.049172353
0.07734048
0.27943313
0.86053604
3.2632515e-11
0.09738907
0.2066042
0.6590728
1.1785854e-10
0.91455853
0.07523726
0.95452183
0.16761672
0.36695805
0.42607257
0.20814714
8.500258e-06
0.14140616
3.5787465e-12
3.272631e-08
0.03368356
0.9297774
0.027090445
6.612271e-08
0.9057394
0.13960063
0.06997735
4.092404e-10
0.6312114
1.9631996e-08
0.057959914
0.035581607
0.025238708
0.87924355
0.27166215
0.014456043
0.22078483
2.1264527e-12
1.3901792e-09
6.2882015e-07
0.008587105
0.7136294
0.10834711
1.6182344e-13
0.93310297
1.0233753e-10
0.14393526
0.41486186
2.3192312e-12
0.7249896
0.24686201
0.24055977
9.813451e-12
0.10370602
0.18053845
6.1960197e-09
3.5557154e-08
0.14023678
0.9616497
0.13870391
0.018389873
0.16443677
0.1450142
1.20696e-11
0.9146853
6.395019e-09
0.4618521
1.0013033e-08
2.937306e-13
0.055290066
0.0804743
0.057307404
8.483849e-08
2.9039107e-09
0.8864353
0.10787884
7.755996e-14
0.93589723
8.3467506e-07
0.26976472
0.23640978
0.41237175
0.60813034
0.07480891
1.5637161e-08
0.8301048
0.050126903
0.24109358
0.9410008
0.92354256
0.22530311
0.90534675
0.0109385755
0.04058863
4.6615604e-08
6.7969566e-08
0.14897764
2.635976e-06
3.750111e-14
0.14802712
0.21981463
0.04562351
8.171071e-10
0.9021123
0.23399687
0.9268214
0.14444612
0.25189707
0.470663
0.094429456
0.2451845
0.7260687
0.029369617
2.5168777e-08
3.063221e-11
0.061014205
0.8230969
2.2631041e-09
0.06558156
0.15228157
0.29625133
0.67875355
0.15024278
0.90761226
0.10249029
0.2097906
0.78075033
2.6501387e-10
0.13655216
0.8713085
1.4987504e-07
0.7857361
0.15772809
1.0149131e-11
8.6371465e-08
0.25970894
0.40459254
7.875611e-14
0.95994246
0.20118067
0.31642625
0.61485356
8.759322e-11
0.078120716
0.8319585
0.041231573
0.94754654
5.894675e-12
0.101764314
0.048788156
1.925113e-09
0.05141609
0.09841685
0.1959516
0.20141211
0.04132165
0.01929251
0.11285196
0.006451504
0.17104048
0.57444435
0.00033579944
0.03187701
0.9157541
0.916354
5.4621904e-07
1.090787e-10
5.5429876e-08
8.765648e-09
0.041056115
2.9963334e-11
2.3225024e-12
0.061181657
0.9180377
3.637738e-05
0.9645488
2.5094678e-07
0.054002758
0.019581608
1.18661205e-08
0.31811824
0.17004436
0.18516058
0.5821265
0.03608857
0.90406066
0.11154867
0.08201121
0.06796757
4.112976e-06
6.158693e-09
4.0171258e-07
3.0461392e-06
4.1246395e-07
0.9202898
0.11716248
0.94070584
0.037965324
2.570885e-07
0.12496743
0.14369045
0.8062799
0.14697674
0.05186964
0.10356835
0.022367142
0.94712794
0.9262143
0.70351654
0.9112542
0.054155856
0.22063844
1.902681e-13
0.8976521
0.21462208
0.025846278
0.952579
0.4179945
2.2264269e-11
0.21770394
0.86639214
0.22116743
0.5251922
0.12279293
0.07302462
0.20068283
0.85475504
6.930037e-08
2.221125e-11
1.2296987e-09
0.037294794
0.9119139
0.084330566
0.918106
0.061862964
0.006257665
0.23561195
2.3442476e-12
0.8833314
3.5040209e-09
0.87341255
0.28299612
0.15404291
0.00013053384
6.558198e-05
4.3823807e-12
0.8586988
0.11617337
0.062247984
0.13000299
0.19593707
0.15303466
0.95082295
0.9318733
0.924075
9.692491e-10
0.0065606986
0.14246519
8.042268e-11
0.072319694
0.108264804
0.1195538
2.1416291e-10
0.95526
0.11213592
0.058843106
4.541189e-12
0.10352372
0.8987291
6.323453e-14
0.2245128
1.549315e-11
1.5576485e-13
1.7414723e-12
0.18606646
1.4262852e-05
0.20907818
0.036215063
0.057389803
0.15553014
0.9481406
9.056139e-06
3.1212895e-08
9.954877e-06
0.032854635
0.023506245
0.82251966
0.15250047
0.3339547
0.035343282
0.87533164
0.11695393
0.19569269
0.14623792
2.7058621e-11
0.15112565
0.6330671
0.015150054
1.9813388e-08
2.7278741e-08
0.055884752
0.7439452
0.82657707
0.918542
0.83690345
0.88183933
3.363831e-13
0.8931235
0.00033153672
1.7628196e-13
1.1887884e-07
1.8509357e-09
0.096034445
0.11795499
0.50156724
0.80357164
0.90157646
8.836365e-10
2.4627028e-07
0.07698808
2.6808267e-09
0.001659098
0.56126034
2.1262063e-07
0.29540154
0.0070228265
1.5289827e-11
0.21937622
5.3626295e-08
0.03790204
0.13107644
0.9756034
0.075828284
0.6896654
1.339962e-10
0.008477404
0.18362126
0.95584965
0.9293946
0.019039212
0.0439372
0.1507338
0.014890808
3.020764e-07
5.50933e-09
8.4652554e-13
0.21239302
1.11898125e-05
1.42460825e-08
0.11759513
0.34187284
0.033798076
0.25910497
4.900066e-05
0.19963121
3.7803844e-09
2.9098196e-06
0.07227081
0.96811867
2.4596445e-11
0.054022934
4.3734818e-11
0.008004744
0.95745075
0.14149094
7.750525e-10
0.059626207
4.540514e-05
1.34346475e-11
0.104973614
1.6265822e-05
0.12360598
0.13032946
0.8665276
1.6762183e-08
2.8394174e-06
4.8332417e-08
0.1159833
1.1027511e-09
0.10662208
0.0768962
2.2942275e-12
0.03811728
0.012138527
0.86146206
0.15554944
1.8871741e-11
7.333493e-09
0.9430759
0.17589186
2.7754181e-06
3.1109684e-10
0.10343672
1.7315925e-08
0.039637696
2.4131099e-08
0.8608816
0.972001
0.09746184
0.06432017
1.4819276e-10
0.3889954
2.9838375e-05
9.540589e-13
7.867955e-10
0.14568305
0.08748154
1.2546186e-11
1.801615e-05
0.13904546
0.24869885
0.049596887
0.30637205
5.2392815e-09
8.417024e-08
0.10909525
0.11499813
0.32664496
2.8121478e-08
3.0413558e-10
0.6878562
0.01763578
0.50388473
0.08100008
0.29635227
6.204726e-08
0.021721749
1.4469974e-13
0.1595086
3.003804e-09
0.00019261664
4.6972968e-08
0.13491754
0.9548902
0.024331594
2.1042753e-05
0.9310743
0.96777934
3.1923078e-06
0.13797449
0.06700943
0.9303652
0.8727936
0.018608265
0.3698206
0.5574316
1.8514584e-09
0.0623172
4.9944913e-11
1.5144548e-06
0.09560387
9.114384e-08
0.84684247
3.6668404e-10
0.1494395
0.057703875
1.0572356e-05
2.419313e-08
0.30352554
0.87975556
0.013091703
0.11274999
0.20866905
0.15744355
0.43387738
0.3684547
1.3484479e-05
0.10207795
2.1753115e-08
1.5271818e-05
0.09698657
0.89266837
3.577689e-08
0.22759996
0.04053132
0.15458278
8.14686e-09
2.4780968e-06
0.076377116
0.8105838
0.21571945
0.12978455
0.9462963
0.9406743
0.8808692
2.676475e-08
0.26409924
4.1685533e-10
0.0012526476
0.13785912
0.90048736
1.0748092e-12
6.950698e-09
0.12181593
0.1911847
0.16623345
0.086246334
8.3444985e-07
7.540993e-14
2.3601916e-13
1.9172376e-06
0.09911988
2.2559445e-10
0.79499024
0.21312265
7.2614107e-12
0.94630057
0.18983774
0.35926887
0.23950951
1.5555894e-05
0.23799968
0.22361578
4.7388565e-11
0.94438887
0.20087825
0.19971779
2.779379e-09
0.023524242
0.9333669
0.04817908
0.9371746
2.7894233e-08
2.3140514e-05
6.900085e-05
0.92348623
3.407544e-12
0.8197234
0.10702043
0.41222665
1.8094019e-08
0.9696056
0.26731187
2.3471707e-11
0.5583845
2.9008288e-06
2.9871036e-13
0.9309501
0.1763711
3.1327944e-12
0.00019301596
1.8364422e-07
4.8676753e-08
0.26361945
0.25200945
1.2624537e-07
0.06413115
7.915105e-08
1.832754e-07
0.940495
0.09535919
0.9302255
0.21132082
0.1502257
0.053605374
0.040539652
2.8012915e-08
0.07276389
0.0034051957
0.012581281
0.20551014
0.90005517
0.11442956
1.5780354e-11
2.016739e-13
1.15788065e-11
1.4580663e-12
0.35458282
0.95665115
3.5798188e-08
5.74761e-13
0.6547453
1.0917933e-12
0.94822025
0.018140988
0.9300323
0.07757972
0.07025378
0.12935796
1.38148945e-11
0.9422295
0.18102974
0.100363925
0.0009756753
0.11558244
2.6962837e-08
0.85418063
0.029818578
0.054922212
0.02143229
0.8600197
0.0822124
1.0801269e-10
0.080363475
0.08681091
0.044788763
0.9259078
0.0395295
0.15140867
0.2510941
0.85344726
2.454868e-08
0.09732416
3.8879433e-10
0.388991
0.003906723
0.14545767
0.8789206
0.09238746
1.1175395e-05
0.18700197
2.384733e-07
0.929916
0.08156564
0.022524927
8.751953e-08
0.09139046
1.5562713e-12
0.026759215
0.2463248
0.40861437
3.683577e-05
7.6791545e-11
0.14038345
0.18041255
0.034273446
7.7223417e-10
0.08502406
0.19178145
0.26975766
0.12361554
0.19760677
0.92358536
0.1220646
0.051789284
0.92565185
0.7845912
6.058783e-13
0.9347307
1.7929655e-13
0.034229197
0.13373959
0.15362848
0.007701854
0.35808042
0.07900869
7.9314094e-07
0.20887691
0.08915995
2.2958936e-10
9.195882e-11
0.103959925
1.976495e-07
0.9318836
0.86696327
0.1492099
0.93671405
0.9261135
0.023693496
3.0484743e-11
0.08895254
0.110281825
0.034952607
0.039903868
3.1648117e-08
0.9415502
0.021334821
0.041695543
0.9087696
9.317302e-10
1.2041979e-08
0.07045836
0.22995284
0.883728
0.2202253
0.08856234
0.02971957
0.033300795
0.22298999
0.19598344
0.025445523
0.7944948
0.08765059
8.893622e-09
0.091165744
0.19213474
0.25657848
1.534258e-08
0.053404074
0.1395535
7.431115e-12
6.136839e-08
0.9316985
5.251039e-07
0.17599729
0.12163034
4.469284e-08
0.39343253
0.14669317
0.86773187
0.2594416
0.9085766
4.4200394e-07
0.0058251047
0.19234884
4.9071516e-09
0.014555613
4.7764726e-10
0.38704535
0.11278636
2.761049e-13
0.09331664
0.31568587
0.23694572
0.2620228
0.04377873
0.27200225
0.13871
0.88783634
0.1205193
1.6228283e-12
0.095493004
0.9612377
2.8537564e-10
0.03551428
0.8453932
0.0009810794
0.91759765
0.09657045
1.940502e-07
0.24002114
2.94406e-05
0.92659235
0.040108997
0.92079043
0.9010988
0.90656763
0.14862658
0.8534613
8.708808e-12
2.4668509e-08
6.332428e-08
2.3525681e-05
0.6652162
0.26244342
7.88496e-07
0.107417755
0.069414176
0.9240534
0.22127283
7.765149e-09
0.056640223
0.95471627
0.4713132
0.035351086
0.45390415
1.9144838e-12
1.7911473e-09
0.8812984
5.4873297e-08
0.017938804
0.9628602
0.71409446
0.04076035
0.18777463
8.335449e-08
0.15995155
1.2229451e-06
4.2039754e-09
8.255673e-08
0.09977099
3.027799e-11
2.1771635e-11
0.9652772
3.8606026e-07
0.179133
5.0970765e-09
0.043232575
0.75228775
0.017124023
3.9007192e-10
0.038631078
2.6947516e-08
0.9383919
0.07959035
0.19162594
0.94914144
0.9359958
0.0057149823
0.09220471
9.7319386e-08
0.9196459
0.01368093
0.18569428
0.029807955
0.31210846
0.36400613
0.94280124
0.91871667
2.840444e-08
3.690558e-09
0.18364574
0.13983935
0.053853277
0.06544053
0.23344243
0.82375777
0.9295525
0.9037405
0.051640116
5.1546213e-13
0.9279264
0.9402861
0.10344262
0.8612586
0.9174101
5.0739756e-11
0.06545608
0.33167362
0.1934452
0.38834342
0.07689638
0.0742787
0.8226243
1.9369372e-05
0.63116497
0.0673292
0.34545463
0.8406926
1.2236183e-12
6.481465e-07
0.93759626
9.080894e-08
6.235301e-05
2.010118e-06
8.852466e-06
0.057863943
0.8502707
0.9010338
5.35806e-08
0.09617726
1.4895356e-11
0.011225475
2.4945562e-10
0.17828508
0.21900795
0.35698926
5.6788556e-11
0.13043901
5.3756875e-08
0.25803873
6.6408174e-06
0.13385394
0.86672175
0.00019581581
0.8876526
1.3866716e-07
0.34311622
0.21113864
3.5979846e-09
3.6317855e-11
0.54310954
0.15690638
1.0196359e-07
0.9051341
0.9715226
0.11958041
0.8465764
1.4009115e-07
0.09421969
0.9037371
0.05944054
0.2808238
0.19391468
0.9369278
0.95955926
7.7006197e-13
0.8205891
0.89975184
0.81837285
0.24227262
5.763136e-06
0.0422383
0.9014634
5.7811273e-11
0.30906722
9.428705e-08
0.053535506
0.052208718
1.2966435e-11
0.5973189
0.86824363
1.1849149e-05
0.029987486
0.8893997
0.05635218
0.29243654
0.19389762
0.17076653
0.9670205
0.10137505
2.329966e-05
0.28200603
7.522569e-08
0.07969128
0.12758188
0.17883305
1.1831108e-07
7.1763644e-11
0.07002577
0.8776138
0.94869167
0.074900776
1.1349752e-07
0.5812427
4.54886e-09
0.83679837
0.09814386
7.714749e-09
0.11624926
1.0838894e-05
0.34871888
1.6499005e-08
0.056170262
7.3354295e-11
0.2730441
5.8051905e-12
0.85716224
1.2758582e-07
0.017314197
0.9037371
7.7363313e-07
0.025465054
3.4687161e-10
4.849827e-06
6.8044476e-10
0.9523863
0.16356394
0.9528195
0.03022028
0.81718427
0.03491597
5.8349388e-09
0.8819553
0.022765743
0.3979899
0.35672048
0.12017895
0.946058
0.9064685
0.094048806
3.652221e-08
0.9097203
0.09587687
0.9005202
2.4675703e-05
8.8240695e-06
0.6569746
0.62451506
0.030169588
0.85906076
4.1253685e-09
0.15074559
2.3364305e-13
0.9522006
0.113956355
0.96662605
0.03908131
1.4333299e-08
0.060514603
0.18545815
0.013210097
0.020207144
2.5376848e-10
0.15233836
0.01056489
0.042680185
0.875733
0.10397044
0.9576593
0.14966632
9.148918e-13
0.9223876
7.55552e-10
0.016370377
0.070379615
0.015934085
2.0720197e-05
0.027329754
0.09249942
0.13596348
2.4741684e-12
0.00017795185
0.039861243
0.012580345
0.86414444
0.031068668
8.698395e-09
0.18025543
0.51638526
0.10169816
0.15288807
0.10091096
2.1594008e-11
8.441993e-08
5.64454e-10
0.30850285
0.056697425
8.846141e-11
0.054005224
0.014143508
0.93084526
0.9291319
0.3763473
7.967069e-09
9.428366e-06
0.91501355
0.1555168
0.88862026
0.9339734
0.033272214
1.1809648e-12
0.47623947
0.836073
0.87642205
0.11899161
3.5622254e-08
8.161747e-12
0.2582182
0.114585795
1.0661505e-05
0.9074369
9.201121e-09
0.053939257
7.0089044e-08
0.29612166
1.378268e-11
0.9492553
7.688761e-13
0.8989671
0.91758543
6.292739e-13
0.1792582
2.3398331e-07
0.19370107
0.10789837
0.14925545
0.98091
6.111838e-09
1.8947794e-05
2.0445217e-12
5.5312567e-11
0.06628247
0.10713508
0.17477433
0.08824174
0.80122626
0.9454491
0.94824225
8.781063e-08
0.94389284
1.9903415e-05
0.23049046
0.095165335
0.019557344
0.052397713
4.8324282e-09
0.1957556
4.2712145e-08
0.055045046
0.10902089
6.2420067e-13
0.8355596
2.4184115e-05
0.055461496
7.1476096e-11
0.21545735
0.33049476
0.89877754
4.496648e-11
1.8918367e-08
0.11859235
0.41587475
0.48695216
0.09526612
0.095815256
0.34369743
0.19840904
0.09289625
0.1709154
1.6382016e-11
0.37458056
0.13508123
1.05326026e-13
0.26588404
1.2807609e-10
0.20445365
0.90755296
5.1060987e-08
0.9373319
0.19159967
6.1485715e-14
0.88486505
0.2826447
0.06475587
0.030441731
0.1221801
0.91141737
1.0534202e-07
0.24107742
7.032086e-11
1.7152414e-07
0.30585185
0.89928967
0.7662656
0.11424374
0.042452425
0.9364683
0.08887397
8.254411e-07
9.736577e-07
0.10532881
0.8914541
0.22188264
0.1471732
0.9480274
0.2535555
0.8519332
0.13821119
4.8959446e-08
2.1401517e-07
6.5354073e-09
0.023242975
7.192977e-10
0.92756844
0.44499275
0.11730985
0.3431047
0.15773453
1.6131745e-09
0.12114571
3.366395e-11
0.016138308
0.92592883
2.2505102e-08
6.5020885e-08
1.7664447e-09
4.4112443e-09
0.15198436
8.997898e-11
4.274808e-05
0.7019673
1.9635327e-05
5.061851e-12
0.14717263
0.9379051
2.1941338e-08
0.00028596743
1.454789e-11
0.28917566
0.8831058
6.03505e-07
3.6532036e-08
0.9330703
0.09826039
0.17845552
0.3613174
0.93259716
0.96776307
0.26382545
0.31305075
2.0235402e-09
0.15201765
2.3707425e-11
0.04182002
0.61431634
0.92308336
0.4216904
3.0084164e-11
0.025506336
0.92026436
0.8745184
1.4102445e-08
0.2027056
1.7489496e-11
1.6047335e-11
0.1829113
0.84043694
0.04055361
0.94079405
0.11737201
6.0612693e-09
0.17584608
5.5694915e-12
2.0127732e-13
3.0889633e-09
4.2466843e-11
4.931095e-13
0.07950262
0.34003362
0.13621528
0.14263698
6.475985e-08
0.36886123
0.37454012
0.030181495
0.8815981
1.5790252e-12
0.21420686
3.629312e-08
0.8964614
1.578122e-12
0.041002978
0.11771996
7.801029e-09
0.3011222
0.04647306
0.36811632
0.063290566
0.14805347
2.2938625e-10
0.14260864
0.225101
0.11562279
0.9281302
0.5161646
0.11233468
2.2870314e-05
0.23438004
0.06873463
0.92708766
0.16381669
0.18470584
1.18161895e-11
0.0071717976
0.43675876
0.0026698501
0.13731545
0.8767048
0.06276682
0.037902918
0.8676397
0.066298164
0.047265444
1.2537035e-07
4.1036256e-07
6.615828e-12
2.225853e-08
2.119411e-12
0.36277944
1.8160532e-09
0.063189015
0.19071597
0.94570667
0.9581804
0.15875708
0.08915181
0.19934103
0.10685727
5.328164e-07
0.4302754
0.18010522
0.081917025
0.58199394
0.057676077
9.16623e-12
0.5768051
0.00075241295
0.05527145
0.17175692
7.615338e-12
9.395225e-12
0.17806911
1.2452161e-05
0.9044875
0.90871423
2.1532696e-10
0.9467692
0.1859258
1.1868724e-08
1.1567906e-06
6.6831817e-06
0.06510534
0.16533957
0.05397731
0.15133816
5.1177743e-05
0.43136248
0.810851
2.778332e-11
0.87859344
0.19701181
0.12720656
0.13418499
1.6801337e-06
1.2700922e-12
0.22303309
0.11546043
0.11402297
0.06306039
4.915051e-05
0.9053712
0.051117003
0.11681334
0.016818922
3.6115234e-12
0.15611802
5.9940555e-07
3.4654015e-06
0.96188515
0.023899872
0.40714592
0.23318686
0.45115274
0.15187494
0.9295458
2.185397e-11
2.1010825e-11
0.12903625
1.9881546e-10
0.91254824
0.93890107
0.16143256
0.012032618
0.091518804
0.14403339
4.3386254e-12
0.9219823
0.8847496
0.94239664
2.8882998e-05
0.056602407
2.6880764e-07
3.009148e-13
0.0475167
1.8152782e-08
0.029899728
0.012415363
0.035177555
0.12389823
0.06043458
4.0735114e-05
1.6846018e-13
0.033915885
0.05779971
0.32250777
0.018223139
9.182955e-13
4.368502e-12
0.27605474
0.13081819
1.25017e-12
4.2578108e-07
0.8470774
0.0718765
0.9152365
0.1752503
0.9147898
0.8856376
1.7413464e-08
4.0423625e-08
0.0018928805
6.9391617e-06
0.9079308
0.056224186
0.3632442
0.06590788
0.8301406
0.08142603
0.8529581
0.83491343
0.14548464
0.38241413
2.2169286e-05
0.052592553
0.26335806
0.21899205
0.07700961
0.9180374
0.15609612
0.06840207
1.0613638e-12
1.5952572e-05
0.0409556
0.91596156
0.076260164
0.97834367
0.011105328
0.018720616
0.33590928
0.07304149
0.051962323
0.8856303
5.9875427e-10
0.95358986
0.23117977
0.59326524
0.11233808
0.92703897
0.1184599
0.0637527
0.9087716
2.6979464e-11
0.89430416
0.12604171
0.030139687
0.20013212
0.10012331
0.18391246
0.92600787
4.931154e-08
0.02258609
0.6239429
1.4401388e-07
0.918205
0.06365465
2.494612e-06
0.15181172
0.07067057
0.09773508
0.8844518
0.26635435
0.072646536
0.93070894
0.2947003
4.7668623e-06
0.8964768
0.15514627
0.06702123
0.17261143
0.93641365
0.25146586
0.942055
0.5727886
1.6526711e-07
1.7753611e-10
0.14155094
0.017899565
9.178496e-08
0.94758135
2.9305766e-11
3.700428e-08
0.097801305
6.233611e-08
0.019047799
0.8920477
5.4771157e-05
2.3879414e-08
0.18126707
0.022610025
0.014936776
1.58384e-07
0.17267188
0.024277203
0.17875354
0.18083161
0.9701341
0.17086071
0.24977347
0.18439212
0.116138354
2.8235463e-09
1.1702357e-12
0.14563492
9.8248755e-08
2.2819691e-08
0.30240497
1.3703745e-12
0.9530054
0.06599849
0.09381651
2.4502402e-09
7.963561e-06
0.028797053
7.595008e-10
0.053920444
0.9332397
0.902043
5.2408207e-09
0.96345025
0.22574186
0.77623004
3.9441044e-13
0.16942982
0.9271031
0.06717133
0.28240675
0.93499273
9.501451e-10
1.2055133e-10
1.8324693e-09
1.2411294e-09
1.19761025e-05
0.9370889
0.03964915
0.080322355
0.4141462
0.33422062
0.0074646417
0.02120142
1.6852448e-09
0.042815108
0.16266984
1.5306197e-11
0.09277951
0.0021060398
0.8760479
0.8490926
0.11007583
0.9053274
0.93483466
7.4072005e-08
5.0049737e-14
0.025527012
0.44605693
0.9124903
0.47717345
0.9567053
0.0649366
0.16070093
0.13503408
0.4978493
0.06305994
5.298473e-09
0.13404638
3.0899734e-11
0.9357986
3.6028938e-13
2.0025661e-07
3.8823614e-11
3.3817617e-12
1.03941376e-10
2.7021716e-07
0.14307085
7.248507e-10
0.28334695
0.19575383
2.2188418e-08
2.0063678e-06
0.16369621
0.26890212
0.13378051
0.14583516
0.032236256
3.3526665e-13
0.121576935
0.26405686
0.03670826
0.11359319
0.14945228
0.2453716
0.9065632
0.17759009
0.15350719
1.375951e-05
0.9709845
0.06132994
0.18300569
0.058761504
0.90258783
0.9713671
1.9568797e-06
1.0943719e-09
0.14523356
0.7387341
1.5783907e-11
0.029426472
0.16602868
0.19544066
2.067059e-13
0.89126825
0.2439519
0.9389735
0.20975925
0.8553544
2.4131292e-11
0.8584474
0.20314804
2.9405701e-08
0.11538361
5.7465116e-10
1.8413931e-13
0.9491085
0.080097966
0.90229124
7.6856944e-05
0.19681759
0.25021666
0.08837334
0.118362986
2.4358462e-09
4.137574e-07
9.0319396e-08
0.68233716
3.34553e-10
0.93588203
0.8411839
0.009626686
6.068322e-10
0.93767947
1.8679023e-13
0.7794693
0.12347254
0.9047196
2.3659745e-09
0.017029075
0.96307725
1.5415421e-07
0.046492305
0.014340851
0.20173544
3.7923848e-05
0.40695283
0.8680625
0.020355247
6.547513e-05
0.022894807
1.7031678e-11
0.02658643
0.07719893
0.7756513
0.10252282
0.027273154
0.23110162
0.9390953
0.07275734
0.041838814
0.031005431
0.10335054
0.8207447
0.09389792
0.94259024
0.044238094
4.998261e-09
8.838791e-06
5.6578193e-07
0.93050444
0.035644375
0.9282927
0.022765888
0.05114247
0.9359624
0.2733701
2.4200408e-09
2.5330088e-10
0.8991549
1.1473896e-11
0.19567579
0.9447411
0.15057032
3.019959e-12
1.1873583e-13
0.78456813
0.101539925
0.9176973
2.2337748e-13
0.18276021
0.1080482
0.10839199
3.7759826e-05
4.3617356e-11
0.8869471
0.95372844
0.037168536
1.5272441e-07
4.8672394e-08
1.4105482e-12
7.948161e-08
0.112705946
9.3375803e-07
5.9852967e-09
0.93368864
0.19104482
0.11008332
2.17781e-06
0.93946165
1.4053734e-12
0.14781402
0.87082416
0.9429553
0.90527064
0.04907138
4.6211607e-10
5.944569e-06
0.13890481
0.8853116
0.1327084
0.008392203
0.14027154
0.042189054
0.29143897
1.0067324e-06
0.036838815
0.14416979
0.92528725
1.903356e-07
0.8689512
7.980532e-08
0.1150795
0.28142452
0.10392916
4.0618236e-08
0.1309504
0.18771514
0.10442915
0.26013017
0.8754933
4.155681e-08
6.2363535e-05
2.1374137e-10
0.20617424
5.920484e-10
4.5127953e-07
4.2285578e-07
0.01147819
0.937166
2.2018401e-11
1.6045394e-09
2.989181e-11
0.31364614
9.962293e-11
0.9136458
0.24679847
0.91151154
0.03613415
0.949293
3.781655e-08
0.061818715
0.916526
0.05408628
0.017692922
0.0963419
0.89424145
0.039166376
0.5439053
0.36856556
0.0038433308
1.8961517e-10
0.71965736
0.12625101
1.6186095e-07
1.18630815e-07
0.040283542
0.88892025
0.11598612
0.09658914
0.88205075
2.9318486e-13
0.17283055
0.9316098
0.1494071
0.06825763
3.4740835e-05
2.3107027e-10
0.00020371814
0.042598747
0.92503923
0.8389911
1.0943274e-06
0.27490848
0.004047916
0.02148573
0.24513042
0.26677567
0.94197387
1.6893503e-10
9.2593e-10
0.050702967
0.49697024
0.26276872
0.18174207
0.2708672
0.11471288
2.3435047e-09
0.031830322
0.47257155
0.10501644
0.10103893
2.0786958e-08
0.013335069
0.028292593
8.8116276e-13
0.19565734
6.09567e-08
0.012686631
0.24519107
0.12526041
0.08964526
0.1818821
0.92798513
3.0881547e-10
0.08831424
0.37430227
0.88929135
1.991726e-14
1.559245e-09
0.108805925
0.04116946
0.75272053
0.8677329
4.6767802e-08
2.4879052e-09
3.5672958e-09
0.9377776
0.124072276
3.111108e-08
0.92089
0.056993134
0.88496864
2.0534432e-09
0.06067464
0.23064047
0.9164249
0.10772548
0.1859805
0.019124206
0.22585429
0.012432059
0.12040629
3.89484e-13
0.093703695
3.7284105e-09
9.901677e-10
0.17808168
0.88891095
0.4178576
0.8813559
0.096704125
0.33699983
6.380674e-05
4.427255e-11
0.9015266
0.0026811503
0.9182077
3.855084e-07
0.08293186
0.9726911
2.2319598e-10
1.6147728e-08
0.049704775
0.90678066
0.03277475
3.4896676e-13
0.19559886
9.681793e-06
0.078377694
0.07038203
0.030089349
0.210019
0.83770275
1.8818628e-06
3.8106878e-09
3.0769552e-13
0.30096528
3.3109936e-07
0.3008413
0.3033929
0.9453463
5.651139e-08
0.43190306
7.7005617e-13
0.38058016
6.8777957e-09
0.78671813
0.799101
0.1218564
0.18651481
0.18927345
0.13037057
0.9364217
0.7634608
6.0991533e-07
0.9073094
0.111525014
0.1410246
0.77496797
0.06951445
0.11423895
0.00778483
2.4349093e-08
0.052717067
0.40413043
0.93508655
0.19626763
3.954434e-12
0.081923105
0.028741635
4.702765e-12
0.17231101
0.1993478
0.09170597
8.197409e-09
0.1303803
0.22730473
0.18990742
9.472092e-08
1.1868219e-07
0.8892595
0.0039966814
0.7827357
0.12500784
0.93450785
0.050334666
0.15287912
0.18534608
4.994137e-08
0.1613036
0.5991492
0.04399787
0.16740814
0.049993362
0.056347977
1.6443999e-05
3.972809e-06
0.6214003
1.9572024e-08
0.11171774
0.8738623
0.04025159
0.00030925215
0.5040033
0.090632096
3.096338e-08
0.8878873
0.9358068
0.94236743
0.114827245
0.922543
0.9117454
0.8761676
0.018842021
0.9434712
1.3838226e-12
0.0013625679
0.049910758
2.0542002e-05
0.20591791
0.9258018
0.9131856
0.8859492
8.660877e-10
0.12767105
4.7103833e-07
0.12148433
6.968505e-11
0.93859977
0.93875694
3.255591e-08
0.95599866
0.8215726
1.0593237e-07
0.9250026
0.07549749
0.12784748
0.051212084
4.183604e-08
2.071662e-12
0.015160395
0.8524163
1.18337775e-08
7.233032e-08
0.2510919
0.6851828
0.90171665
8.904405e-08
0.29675338
0.11658428
5.263963e-09
0.022272127
5.004067e-06
0.060307797
0.24827386
0.33430314
6.7977343e-12
0.93009275
6.03346e-09
2.7080033e-12
0.9211537
0.05364172
0.13505253
2.203575e-11
0.104564756
0.93981856
9.8535324e-08
0.13494942
0.076380864
0.15068668
0.9705376
0.077217415
1.2185429e-09
0.9473028
1.0679172e-11
0.846979
0.11422727
1.965303e-05
0.35212135
0.27478904
9.91537e-08
2.0812208e-10
0.91452026
0.25782952
0.16745117
2.2821814e-06
0.2798392
0.048985466
0.158229
0.14567453
0.121337235
0.075593516
1.3102346e-08
3.111298e-08
0.8523297
0.11668441
0.26709965
5.3341992e-08
3.0157352e-07
0.0835891
0.08971135
0.13199288
0.13916749
0.8475957
2.2288834e-06
2.5396266e-10
0.112096444
5.4096198e-08
0.22729595
2.6731103e-10
0.13165662
3.3232757e-06
0.08174812
0.28478974
0.20576654
0.34407112
0.4962264
0.88267744
0.15706427
7.7266655e-08
0.9354224
0.010199899
0.94767964
4.183366e-11
7.4734736e-08
0.9459324
0.7837487
2.2695606e-06
2.4672684e-09
8.922775e-05
3.4289304e-11
0.3449355
0.11942684
0.33723888
0.9370384
0.9022619
0.26140139
0.144702
0.05194869
0.94926584
0.24919981
1.1291745e-11
5.7270245e-07
5.3243007e-11
0.20595615
1.0220756e-07
3.0931543e-13
0.18781592
0.027809612
0.95308197
5.222894e-06
0.15767907
2.1524297e-12
0.13326825
0.41901332
3.4414303e-12
6.7636296e-07
0.048690595
2.5751586e-08
0.4293801
1.2853746e-09
4.227014e-07
7.0369665e-12
1.1944546e-09
0.35871893
0.78065306
0.408626
0.38174462
0.88961023
3.86234e-10
0.9176185
0.10409729
0.93867224
3.3540826e-07
0.00023213704
5.7641443e-09
0.23246306
0.19820921
0.07940957
0.06057654
0.9382878
0.18333435
0.14525516
0.041216806
0.14860076
5.0858426e-07
1.5255498e-09
1.08788235e-10
0.10009329
1.7291402e-08
2.0204364e-08
1.22970605e-05
0.9290574
0.42987967
1.9988809e-10
1.4521188e-08
5.109854e-10
0.72536963
6.067109e-13
0.13485214
1.3158211e-07
3.0574157e-13
7.736752e-12
0.954572
0.08271624
0.01883499
0.97042894
1.1647395e-07
3.0490417e-09
0.009221544
0.04891245
0.034085196
0.11217109
0.065114714
1.6122954e-08
0.05954534
0.11018199
1.5931157e-07
0.20551708
0.05354985
1.9605751e-07
0.58396304
3.0839182e-09
0.28511828
0.05022981
0.3699659
0.29578418
8.5720717e-07
0.4133251
0.94264346
0.0033434408
4.4764975e-10
8.971392e-14
0.23247458
1.615134e-06
0.4859109
2.5623242e-10
5.956841e-11
0.05275448
0.1281183
0.11377088
0.066266954
0.8053248
0.07525093
5.919281e-08
0.09352101
1.1560861e-08
2.4279806e-12
0.63329536
2.570553e-10
0.8823686
0.19516392
0.22047576
0.027884685
1.305705e-06
0.029986147
0.30299497
0.17863084
8.508829e-10
0.15127403
0.9423741
0.000118018186
0.19982359
1.8365665e-05
0.008632022
0.00014111513
0.2772354
1.7126204e-08
0.93955237
0.15158707
0.24268237
0.032192335
0.319911
2.8043854e-09
6.7044193e-06
9.815657e-07
9.3036315e-06
3.8906083e-09
0.00024688756
0.87493163
3.9457757e-09
0.28572938
3.4499428e-06
0.16093457
3.5633122e-12
0.9699014
0.05673483
0.0073680296
2.6956497e-13
0.9588484
1.8139637e-11
4.707773e-12
9.925744e-11
0.024300624
0.18508603
3.8377504e-12
1.4792596e-09
0.07316951
0.9566265
0.050059672
2.0864262e-07
2.3115126e-11
0.93129694
0.20111002
7.817335e-10
1.4879888e-10
0.12795311
0.021920798
0.046906665
0.002374172
0.03848631
1.0756973e-08
0.13388689
0.92582095
1.8793387e-12
3.7329385e-06
0.03848001
6.391461e-08
0.95193887
0.15233809
0.035839275
0.22303557
0.4426977
3.3621536e-11
2.868318e-12
2.6799876e-06
0.17519309
0.05779743
0.02731832
0.7686383
0.09692248
0.13159475
1.1978053e-06
0.10036823
8.5547146e-11
0.7950542
0.07412833
1.4284468e-06
0.8827642
0.17533225
0.024937367
0.9281301
0.19835304
0.20444112
5.076715e-11
0.95052034
0.9242139
0.8525632
0.38884798
8.620964e-09
0.4476347
0.2662711
0.87999254
1.327958e-10
0.049536515
3.020038e-13
0.43853545
0.73089623
0.0046038935
0.9367938
0.89121085
3.1667154e-05
2.2353679e-10
0.92153907
0.2586088
0.070814304
0.032844953
0.9315189
1.4313826e-11
2.4271102e-08
0.8712308
6.445348e-13
0.1806662
0.029914968
0.106934406
7.929437e-10
2.7397182e-05
0.87444985
7.7303423e-07
4.7648023e-12
0.09889651
0.113425575
0.12406614
2.3193493e-07
0.085673414
0.11916368
0.1355469
0.9456164
0.29426292
0.49005347
1.0569422e-11
9.967522e-06
0.066989854
0.055585034
0.84230125
0.25318328
1.8683808e-08
0.5921311
0.3028412
0.84123576
9.9579234e-11
0.01294306
0.0864792
0.24515483
3.5895696e-06
4.4991918e-13
0.15709965
4.905558e-10
0.4970866
3.5725832e-11
0.9375473
1.2497267e-08
0.24074858
0.059659358
0.30155152
0.0838122
0.039585695
0.13229503
0.02775261
9.342038e-10
1.1006739e-11
0.90540296
0.940577
0.0013891853
0.2981908
1.157423e-12
1.1996138e-06
5.566338e-08
0.026894541
3.4485546e-11
0.8490322
0.08282484
0.0561215
2.686653e-12
0.028737728
0.31094804
0.0011734063
1.5172158e-07
0.83109546
1.5538319e-10
0.24701844
0.10536164
0.80197996
0.30311233
0.06555542
0.12588109
0.0002036624
0.13744122
0.9556727
0.926184
0.16573788
0.05998665
0.8432134
2.4798397e-05
1.3845543e-05
0.25454792
0.91226363
0.14232151
0.19365788
1.5279413e-08
0.2592663
0.83477134
0.85173064
8.090627e-06
0.93784046
0.86787105
0.3277807
3.660806e-12
4.5221497e-15
0.095361285
0.9385464
0.1847771
0.0060094944
4.1532145e-13
0.2519445
0.9454632
0.07096851
5.107199e-08
5.0840164e-13
0.15141837
0.9383783
9.598229e-13
0.11405467
0.09988373
0.27568817
0.16540122
0.96133167
0.17676854
0.041413806
0.028177943
0.022686716
0.014714075
4.95492e-09
0.0005634151
0.057023197
0.04413215
0.21602836
0.02953958
0.946625
0.00042069072
0.07838631
0.28406256
0.0028033322
9.901875e-12
0.80795866
0.077611044
0.13581528
2.0217246e-11
0.91623604
0.09976187
0.06286021
3.0189226e-12
0.023825256
0.15947428
1.8053607e-09
4.572416e-09
0.11765994
0.9086463
0.78020585
0.18320557
6.037833e-13
1.2368889e-06
0.041655954
7.1860036e-08
1.8956436e-12
0.1291916
0.28156015
0.37832657
0.0666615
0.30064023
0.094887845
0.23310868
0.20166956
0.009486542
0.20039909
7.2224557e-06
4.1713233e-09
0.29582465
0.020779628
0.31377417
0.008960499
0.91534394
0.23864198
1.1564918e-12
5.576823e-06
1.0649109e-11
0.7172762
0.8170705
2.8666153e-07
0.1406003
1.1819683e-11
0.90693593
0.10530274
0.9642394
3.2517767e-06
0.9331427
0.055614907
2.6585764e-07
1.00904346e-11
2.318708e-13
0.9116977
1.9099313e-09
0.24659164
7.3144095e-13
0.27183905
0.14224507
5.178825e-06
0.8669533
0.2631337
2.3227155e-08
0.22737198
0.28949103
0.93190175
8.533974e-06
0.9303878
0.05273859
0.50467503
1.9525703e-07
0.37563685
0.89418864
6.8588093e-07
0.8768494
0.4019741
0.31125933
0.05852541
0.21958815
1.0476223e-13
6.215745e-11
0.3620184
3.7994407e-06
0.044380277
8.43383e-09
5.2945854e-08
0.22719541
1.9683118e-10
0.18371333
0.92895275
4.7701016e-09
0.23786484
1.2686874e-07
0.8687002
0.91901934
0.15101011
0.14287746
0.95097333
0.033997066
0.4336017
0.071823046
0.008413678
1.2437627e-12
0.42715064
0.97014725
0.20172587
0.964997
0.9633335
0.01759799
0.9149862
0.9227938
0.9082035
0.20342223
0.7884513
0.09476416
0.019677464
0.8648117
0.105426244
0.9462042
0.31572568
5.587504e-09
0.9108682
5.379236e-07
0.0529758
0.07441899
0.001081535
0.09374807
0.8584894
0.041082915
0.05074
0.9038525
0.23768072
0.0199651
0.93446165
0.1550741
0.892578
0.023286263
0.000457612
0.2996379
0.0823723
0.097927004
0.3428136
2.1983708e-10
0.82787794
0.04959451
2.7178829e-11
0.12826253
0.061599657
0.92136306
0.11931087
0.8687002
5.1844406e-08
0.042630352
0.017208865
4.1717609e-13
6.75441e-09
0.01946094
0.9167531
0.94338906
0.3980309
0.15469405
0.96958655
0.19591968
0.11014821
9.223527e-12
0.109303586
0.9386885
0.8890371
0.90641755
1.4828818e-08
2.0487923e-06
2.7384286e-07
0.56393653
0.021683017
0.18932657
0.92922163
0.1801649
0.15632795
0.94264454
2.6500424e-05
6.3549876e-10
2.731313e-10
0.04925542
1.4808098e-12
0.20429125
0.9392518
0.0096044205
0.21293187
6.706857e-05
0.11436434
0.9301985
0.12063915
0.89408225
0.86191374
0.9325469
0.9377367
0.20260215
0.20607276
0.23320065
0.30860347
0.849755
0.08385455
0.93530744
0.91314673
0.093591444
0.9303226
5.2287494e-09
0.14779131
0.22941494
0.18241435
1.5928036e-12
0.7979138
0.2935008
0.91451836
0.18314147
0.07159199
0.12698925
3.2984608e-09
0.17499848
1.7464761e-07
0.36132774
2.1608338e-08
2.2643567e-06
5.9344404e-12
0.92841405
6.79145e-08
1.2362977e-09
5.4141356e-07
0.03975738
0.12340105
1.6057893e-08
0.04875796
4.5519876e-11
0.004743621
7.760274e-06
0.17774443
0.89253753
0.08531455
0.09514807
0.036661286
0.92379934
1.8765717e-05
0.013742307
4.969069e-09
4.5643526e-05
3.1469716e-11
5.213187e-08
6.754627e-13
2.5800833e-07
0.3746123
0.040576465
0.008293727
0.04188803
0.24964228
3.3179157e-07
0.04996179
0.8962194
0.2625914
0.10095292
0.05339784
0.03336403
0.04929495
2.4886003e-06
9.999502e-07
0.3130039
0.030901117
0.8717365
6.4151705e-11
8.063369e-08
0.3258916
0.048418697
2.2941965e-06
0.065798745
0.90078133
0.92812264
0.0131132165
0.2208716
0.24643491
5.1205155e-11
0.069253586
0.09200935
0.31928557
0.08321031
0.043247204
0.39220858
0.9620581
0.90892106
0.11444218
2.5806495e-13
3.237216e-10
0.16560246
0.1246706
8.599855e-10
8.1109786e-10
0.05438111
2.2880814e-10
0.9371068
1.3582823e-08
0.255414
0.9513127
0.32244396
1.9782874e-05
0.09578955
0.038808692
0.18814194
0.5376304
0.087717414
0.21383752
0.05738547
0.093524076
0.2054809
2.6752167e-10
0.10228478
1.3914022e-09
1.222862e-07
0.8110635
0.22418739
0.97168756
0.93416196
8.418505e-11
0.14232571
1.3384008e-07
0.9298001
7.297747e-12
0.10239866
0.04565132
0.10816535
1.3063444e-08
1.1438362e-08
0.02482723
0.10690802
9.9928224e-14
0.03573185
0.16660401
0.2616496
6.756902e-11
1.4453687e-07
0.17032097
0.20964807
0.9290019
4.5239258e-07
1.9057172e-13
0.8872236
0.14419642
0.84250903
0.07242308
0.11770402
0.8017971
0.07039984
1.8788148e-13
0.92867637
2.3754893e-12
1.6473566e-08
0.928767
0.16171439
0.9005132
0.933661
7.7281204e-13
0.20679356
1.9514616e-12
0.0005251627
0.17473808
0.07450914
0.00036719342
0.18222566
0.03613711
0.009961326
0.1406799
2.685262e-10
0.14926396
0.14003192
0.8381013
2.7547703e-08
1.4086624e-10
0.05132544
0.58158004
0.8188082
8.7616275e-11
0.091858186
0.28245738
2.275919e-07
3.222088e-07
0.14807269
4.389163e-09
0.9299289
0.8111861
0.9224008
0.4137763
0.06761918
0.95982075
0.00014264142
0.0133479545
1.0385059e-05
0.93292916
0.235334
0.8683687
0.019499606
5.758587e-08
0.34059203
0.93672013
8.92834e-14
8.62173e-07
0.9400928
0.08736614
0.16491416
0.038415916
0.082390636
0.15243797
0.9576314
0.93970567
0.0019784782
0.088394105
0.94096154
0.21173738
0.16364087
0.20406635
0.9554685
0.045934975
0.10637971
5.855086e-08
0.024081834
0.07256363
0.007374973
0.6791294
0.4224651
0.8590077
0.8929292
0.14300233
0.12598158
0.15109973
0.10357571
7.566209e-05
0.025480654
0.12361375
0.051121004
0.94463795
0.114698425
1.2942703e-13
0.03684951
2.2909715e-05
1.0258278e-05
0.09522242
0.20109136
0.91285956
1.2503264e-10
0.03632808
0.14766662
0.011508844
0.9405551
5.1939693e-09
6.4811356e-09
0.37555912
0.20819926
0.7322567
0.3044629
9.0967467e-10
0.86815983
9.343516e-10
3.608236e-10
0.33174202
0.06759913
5.4791207e-07
0.04344567
0.8885577
0.0842538
0.14655015
0.22628531
0.11983267
0.013524334
2.706956e-07
0.18636541
3.9321504e-11
0.08213358
0.1700247
0.030731998
0.07025067
0.113334894
0.11260609
0.06653287
0.009622204
0.04675217
0.60302204
0.17283703
0.04483954
0.08186156
0.95449424
0.03161293
0.08727097
1.273913e-09
2.7482386e-10
0.07122116
6.4406895e-06
0.9138734
3.3218031e-12
0.9216666
0.05760742
0.062462106
2.6895652e-12
5.638506e-09
0.13149816
0.07560667
0.95423496
0.88360494
0.025317665
2.3872352e-12
3.9173007e-10
0.9572759
4.8042362e-05
0.050358333
0.091596894
4.7577787e-06
0.13612159
4.2465245e-10
0.92482686
0.00027325493
0.1512073
1.6775326e-12
0.831051
0.018821996
0.92277044
5.452354e-10
0.02343059
0.84641653
0.13676813
0.23524386
0.31476292
2.2445892e-09
0.11151949
2.4387065e-05
0.25444338
0.017280497
0.20874524
0.00035855506
0.14002672
0.21337822
0.102387734
0.8731888
0.13977917
0.96001023
0.8533062
0.46857312
9.7637363e-11
0.06451967
0.3370086
0.07957637
0.050680917
0.08058904
0.26876998
0.873359
0.15279146
0.015025493
0.14676648
0.94406545
7.567999e-13
0.0966123
0.03672813
0.14828674
2.7269858e-11
2.2594046e-08
2.8665986e-06
0.893485
0.06824096
0.2374328
0.9349379
3.2028876e-08
0.9345335
0.88989437
0.012456233
0.188018
0.043845028
0.95139754
0.12106135
2.7060346e-06
0.49820864
3.2262907e-08
4.456985e-06
5.388046e-08
8.0779055e-06
0.06414911
0.055442665
0.117639825
0.08408173
5.210414e-08
0.8786837
0.2415175
0.080344796
0.44680616
0.88335603
3.8785188e-07
0.10713995
2.2048996e-11
0.14445594
0.7457066
0.8696856
6.95836e-14
5.064131e-08
0.05364436
0.17387225
7.688846e-10
2.7351734e-05
0.9538133
2.9500752e-06
0.40872023
0.20828387
1.4147084e-05
0.9459224
0.87123644
0.1185143
9.440807e-14
3.75388e-06
0.09927821
0.8545931
2.7504017e-12
0.019612022
0.947075
0.048438214
0.1233433
0.2082169
0.0048866463
0.9019735
0.06461522
1.111055e-12
1.9678051e-10
0.3061737
0.27049088
0.9153172
6.439109e-08
0.069959335
0.11248787
0.1436369
0.051337074
9.72725e-05
0.0724168
0.9361574
0.18240224
1.4106298e-11
0.022048216
0.9379136
5.283381e-11
0.03245986
0.9440167
2.834108e-11
0.060766652
6.5709825e-12
7.25193e-08
0.9272547
3.2770728e-07
0.084515475
2.556309e-11
0.78107107
1.2231482e-10
0.03841817
0.14271277
5.4838246e-08
6.6779116e-08
1.0695744e-05
0.06298831
0.9116471
0.00930261
0.04734322
0.5379367
0.7917244
1.9475426e-12
0.96421754
0.15793428
0.952954
0.94523436
0.9684947
0.05464966
0.06557224
3.284733e-11
4.8101947e-07
0.049450804
6.720526e-08
0.15689771
1.0394986e-07
0.19053482
0.13028593
0.106724
3.9099118e-07
2.3112387e-08
9.98843e-08
0.17993705
0.93174136
1.5238688e-09
6.3636113e-10
0.10506823
0.24242178
0.27691534
0.11501355
0.107883364
0.13193399
0.3013783
9.7918604e-11
0.33122522
0.931358
4.2685104e-05
0.057623126
0.11062151
0.2092301
0.30088526
0.1258029
0.94545853
4.3228138e-06
0.39246187
0.1654623
1.4569271e-11
0.33432093
0.12935168
0.09481678
0.8574506
5.0002127e-06
0.8814169
0.15764402
0.31642598
0.9030396
0.09294382
0.47979712
0.0830513
0.19799598
0.047127463
0.21685004
0.57826364
0.20648316
0.27626824
4.4295895e-05
0.93248314
0.017260984
0.043505386
0.17862396
0.092989646
0.021799682
1.3397385e-08
0.13345496
3.0167167e-09
0.19798191
0.021071697
0.8606367
1.5508547e-08
0.8490286
0.2335587
0.23982115
2.9818395e-08
0.9557471
6.7003767e-09
0.044314228
0.18602069
0.12842032
0.24159402
0.013520379
0.40352154
0.9286121
1.2316692e-11
0.11040771
1.1583817e-08
2.1024273e-07
0.10602189
0.8967774
0.928039
7.0940587e-07
0.053843103
0.030547814
0.24028574
0.038965303
0.097748764
2.798366e-11
0.067338124
0.9388264
0.00044059302
0.05928664
0.94567937
0.23437841
0.927364
0.1578554
0.18936254
0.1687156
2.0378398e-13
0.9095583
1.0642292e-06
0.03593558
0.11551137
3.6584676e-12
0.36486745
0.047967345
0.897008
0.12575635
1.6870328e-13
0.10042327
1.6834151e-07
0.9263837
0.14714651
3.7098349e-07
0.86552787
4.963265e-08
0.8080316
0.938644
1.97604e-08
0.10654491
6.434662e-09
0.16658416
0.029791966
0.030092608
0.05958464
4.7138838e-06
0.9341818
1.6534027e-07
4.487215e-11
1.2470141e-05
0.78382295
3.2923683e-10
0.1534922
0.043706004
1.1869254e-06
4.7333186e-11
0.35870323
0.18431368
0.10997069
0.92569923
1.9294102e-09
5.55589e-08
3.3742822e-07
0.92415035
0.055146504
0.11609299
0.090602696
0.1888229
0.009885987
0.038415372
1.9217633e-13
0.120736904
0.8859317
0.14697544
0.886067
0.6054892
0.76735973
0.16165571
0.033802893
2.9685765e-05
0.05759689
0.1627037
0.92539465
0.016426614
0.16423984
1.600103e-07
0.107804865
2.8507888e-08
0.17118199
0.13615736
0.15907176
0.14290951
0.08298693
0.96480346
0.27409592
0.00029435847
9.116417e-12
0.12245315
0.11040834
1.2159618e-08
0.8884102
0.1536247
0.222685
0.4031913
0.96901625
0.116676405
0.1939952
0.8319137
2.282856e-09
0.04976267
4.2682014e-08
4.298934e-10
0.22644806
0.7654882
0.038404584
3.2918492e-06
0.12461626
0.838433
0.9199771
0.26827917
5.360769e-08
6.5042644e-14
0.9223593
0.21985343
0.21787982
1.2404871e-06
7.639018e-09
0.32795975
0.15605088
0.57167417
0.24832661
0.9468097
0.19747317
0.9323631
3.566346e-07
2.2764061e-06
8.217995e-06
0.94820076
0.26143864
0.03582933
0.15259169
0.014285854
0.049872547
0.025507059
0.15337525
3.938612e-08
2.4019669e-14
0.0033142178
0.9320055
5.2155745e-08
2.2107477e-08
2.8744498e-06
8.143133e-06
0.046832044
0.9495067
0.23622854
0.96210545
7.593984e-09
4.9701995e-08
0.21884735
5.6466025e-08
0.022028875
0.48111254
0.11381259
0.068010606
0.37857407
0.22971328
0.8293887
0.1822409
6.8722905e-08
0.41159508
0.07605118
2.3645677e-12
1.5579988e-05
0.0653662
0.067898385
0.010660675
5.7801713e-10
0.053153098
0.12682572
0.44747022
0.0758898
0.1281455
0.866149
0.96350116
0.095249295
5.560677e-10
3.2952914e-09
3.9298703e-07
0.93439627
0.36471018
5.233809e-06
0.116369806
0.2127937
0.9317734
0.017164357
1.9304547e-10
6.4480686e-05
0.9241299
2.6803584e-11
0.21085589
2.8436617e-07
1.8134761e-11
0.15120076
1.0015634e-07
0.90293205
4.172055e-13
0.9591951
2.5437362e-06
4.747376e-08
0.17674205
0.019709442
1.0801331e-06
0.013187393
0.8716161
0.84232205
0.85725605
0.11543701
0.054796457
0.25679842
0.10901354
0.075497344
0.005809576
0.20966412
0.18845865
0.9192559
7.336534e-11
0.860084
0.9178809
0.00010723845
0.8733672
0.9479101
0.100885585
0.940004
0.8312118
6.496014e-12
0.30504814
4.096758e-08
0.24223036
1.1728702e-12
0.9549053
6.46744e-13
0.9678737
0.5329773
0.9356214
7.7231987e-13
0.92959195
0.93401766
1.2843828e-08
0.06432866
4.212951e-12
0.08540488
3.7104044e-07
0.12080185
0.08657632
4.5163725e-12
0.064572506
0.97327304
0.86668396
0.1782753
1.3504109e-12
1.735605e-10
0.22854821
2.3766045e-08
0.11349382
2.2385318e-08
0.94316113
0.3007653
0.10647116
0.89954925
5.1898326e-08
2.6870361e-09
0.087775126
0.02348968
0.02270361
0.9053749
0.08699726
1.2059337e-11
0.18256089
0.08305475
1.1359992e-10
0.92046285
6.8788114e-11
0.12656103
0.9484838
0.044343222
0.19150293
0.93169427
0.95148623
5.19287e-09
0.16814047
0.955745
0.9159161
0.2525816
0.16062695
0.91501784
1.04497715e-07
0.8673465
2.6020013e-09
0.4026482
0.0910994
0.06297097
8.745078e-08
4.459911e-11
0.2213468
0.0327127
9.694756e-08
0.106193274
0.09156557
0.11867035
3.4176183e-13
0.31767336
9.2937945e-08
8.9363574e-08
0.92512816
1.5659904e-12
0.041658495
0.07633564
1.0046419e-07
0.04769568
2.7348039e-11
0.9350742
1.6602064e-09
0.8982306
0.055151246
1.250684e-10
0.118169755
0.20890781
0.9418859
0.09105163
0.23148005
0.916443
0.00024890172
0.96162426
0.9627316
1.1006361e-07
0.2684523
1.3082367e-05
0.25298634
1.0503811e-10
0.011741778
0.1682666
0.07419618
0.04277535
0.0763396
0.026356112
0.8461196
0.28318968
6.295228e-08
0.041214485
3.683822e-12
0.07635773
0.9105466
0.90368295
8.2904945e-09
2.7442977e-07
3.2963055e-07
2.158748e-07
0.25609538
0.9557206
0.15766583
2.226324e-08
0.17323679
0.008250689
0.20989025
0.14456853
8.384613e-11
1.1098569e-07
0.04658811
0.3188309
9.47679e-12
0.84825474
1.2525854e-12
0.12181483
0.083931476
4.9241144e-08
6.0236534e-12
2.5835936e-10
0.14622217
0.045908477
7.170904e-11
0.2087718
0.20645975
0.4646171
3.228897e-06
0.15458995
0.25401667
0.07901171
0.13951947
0.3272777
0.085564055
2.0781903e-10
0.32343543
0.040120695
0.1420909
0.015983762
0.93802905
3.610793e-12
0.39438114
7.2748265e-09
0.28373176
1.1474664e-05
0.20214133
0.087336294
3.5395743e-07
0.9328836
3.724273e-07
1.0246707e-09
2.0587303e-08
1.6177298e-06
6.455076e-07
8.762827e-06
0.9334828
0.1436466
0.0738216
0.22132748
0.9347903
0.8943315
0.051713776
0.2599011
0.04179404
0.029634446
0.2738208
0.3796179
3.8109266e-07
0.016551912
0.888604
1.923751e-07
1.679702e-10
3.5836237e-08
0.103435755
5.967072e-12
0.38336504
0.435594
0.91565126
0.16558847
2.6541374e-08
0.19606331
5.624534e-07
0.04240805
0.023337344
0.18239808
0.09515283
0.08236027
0.37145296
0.92009044
0.12942846
1.9565793e-08
1.4904699e-12
0.2951158
1.5823808e-12
8.182869e-08
3.7848388e-11
0.04252135
0.9451732
0.7742187
7.7377115e-12
0.93063635
0.10797247
0.9369683
0.015443267
2.633923e-07
0.1954559
0.01752652
0.9288743
0.092489876
0.9297134
9.673445e-11
1.6834932e-05
0.11384597
0.2635335
0.24481954
0.20518821
0.9093355
4.5539657e-12
0.005578407
5.6747712e-08
0.00018661645
0.9395573
0.054339435
5.1758103e-10
0.020073725
8.797731e-11
0.017423814
0.9364025
0.13768601
0.16552147
0.39971823
0.104398966
0.8170659
8.6310287e-10
0.85684913
0.91886127
0.26972127
0.087485984
0.94106835
0.92693603
1.0412294e-10
0.1980744
0.22391054
0.117411494
6.910063e-13
0.26659
5.171135e-09
6.5957195e-08
0.21687508
0.098353565
0.17265199
0.23659585
0.098718636
3.0236723e-11
0.3618952
0.1374982
0.020714488
0.96754867
1.4057382e-08
0.92782646
0.8515857
0.7798494
0.29655817
0.7891359
1.972978e-08
2.3196868e-12
0.9620606
0.098389156
5.2060405e-09
4.059616e-08
0.032870017
8.017051e-13
0.8990448
6.286793e-08
4.98773e-08
0.09095125
1.3665454e-12
0.026694307
0.15880531
0.93601555
5.510814e-08
0.9267849
0.24878582
1.0950169e-13
0.12816355
2.5758464e-08
4.054017e-06
2.5195612e-13
0.071714126
0.1502464
0.8756642
0.0014176752
0.04036396
0.17943354
0.1436498
0.13519165
2.56593e-13
0.00036320052
0.92668784
0.18268415
0.016031336
0.13994248
0.33594945
8.9626514e-14
2.8262045e-07
7.8964125e-14
0.14810942
0.12337977
0.8923309
0.8986594
0.9173845
3.397458e-06
1.4713734e-07
0.11881997
0.8993857
0.9666764
0.18584661
0.008630095
0.8945127
0.96306455
1.1195706e-06
7.964616e-07
0.13367774
0.8914657
0.03218053
0.09810425
0.19850107
0.108716495
0.086700104
1.2275592e-07
0.3112632
0.06864946
0.2201803
9.652454e-07
0.92558354
0.9535901
0.9280766
9.301922e-07
0.012532115
0.14543892
0.4803093
0.45286214
0.27981678
0.8716161
4.5446815e-12
0.8565139
0.920248
0.15101671
0.04650403
0.23223744
0.031921405
0.9395983
0.24703607
0.40100363
0.9003246
0.07276412
6.0444854e-08
0.12678336
0.946602
0.27197647
0.029478064
0.9692134
0.15145874
1.5929023e-10
1.1135712e-06
0.11403174
1.7249235e-12
0.95497257
0.24579307
0.13017696
1.338313e-05
0.029547513
0.9432742
0.050497614
1.818359e-08
2.2086633e-06
0.099446386
0.190885
0.11942757
0.874467
0.0047170306
0.2883406
0.024898067
0.092497215
0.8910138
0.23382331
0.44019926
0.09952103
2.1049244e-08
7.4491024e-10
3.421741e-09
0.2061922
0.39645135
0.35215342
0.00319934
1.2955158e-12
0.21792324
3.180491e-08
0.16854963
0.21553034
9.7683605e-06
0.9311236
9.512457e-05
0.91377985
9.084936e-07
1.9262543e-10
0.02655741
0.24661212
3.9529973e-06
0.15529902
0.22271971
0.24146794
0.97650206
0.11392543
0.21194084
0.26326507
2.4496078e-14
3.7697037e-10
0.049713865
0.25383115
2.2529717e-07
0.9539796
3.488282e-05
0.9135585
4.7477616e-07
0.93618137
1.2951724e-05
0.0901493
0.02654543
3.1661698e-06
0.13289925
0.13894244
0.08507415
0.9213177
1.9903762e-06
0.07580429
0.9471137
7.3333345e-10
2.0634624e-13
0.051734976
0.13045609
0.23989291
8.0375075e-09
0.19261988
8.824558e-10
0.05746386
0.6118185
0.4122388
0.8711047
0.39544258
0.12025461
0.15834382
6.679535e-07
0.07901797
0.013946508
0.020641617
1.2936422e-07
0.08415028
4.5388315e-06
0.13847034
1.0111865e-05
2.2030853e-13
9.399903e-08
0.17389596
2.355726e-06
0.26763004
0.22603233
0.14179546
0.9610729
0.21368888
0.2572788
0.8449345
0.16506575
2.893976e-08
0.12815179
2.6558627e-13
0.1691289
4.4565206e-07
0.18271232
0.8948788
0.13231392
0.10016143
0.079349115
0.9369771
0.62326944
1.0893701e-08
6.8260783e-06
7.4762106e-08
0.09067814
1.2633913e-10
2.8036226e-07
9.85498e-08
5.2172736e-06
0.16671127
7.8198884e-13
0.85736585
0.089849606
0.37499863
0.072131
0.5271242
1.9550904e-12
0.92989534
1.3222163e-09
0.6861319
0.89321595
5.705316e-14
0.90420246
0.013956754
0.792102
0.9216879
2.3969218e-08
0.24543928
8.351451e-05
0.21320187
4.636157e-05
0.30926853
0.00013072691
3.0298192e-12
3.2819587e-11
2.327063e-14
0.9195187
0.1236365
3.630788e-11
0.89451283
0.065537795
0.9166379
0.9332769
0.15708858
2.9393792e-07
4.3877094e-08
0.13207279
0.0039769947
0.9543695
0.22924149
3.2294406e-13
0.9319137
0.79930395
0.0682145
0.9578778
1.4496425e-07
0.2875233
2.6058976e-11
0.07782095
0.49168015
2.397159e-12
0.15573294
0.33493814
0.038751524
0.14399086
0.05724323
2.2558822e-08
0.15189324
5.9003865e-13
0.1429562
1.8294692e-13
0.17130722
0.086162426
0.90191317
0.16665359
0.26975963
0.07089721
8.461047e-08
0.8471456
0.46572003
0.031318694
0.8843994
0.8657046
0.9271511
0.0529726
0.19876325
0.21319968
1.046598e-05
2.979611e-08
1.6981157e-13
3.3963516e-08
0.07131186
1.5510255e-09
0.21035066
0.8562847
0.27684674
1.388907e-09
0.26909423
0.7146525
0.09371449
0.070921525
0.24117404
0.2033296
0.88911235
9.49528e-12
0.89039123
0.18500023
1.0843078e-12
0.87645876
1.0654167e-05
1.87043e-13
7.286123e-06
0.072569795
0.010197108
0.93869936
0.027882706
0.1960673
0.15298572
0.9277676
0.269848
0.28852174
0.9483276
0.9423005
2.8276743e-09
0.1581287
0.17470153
0.96286666
0.89493614
6.994424e-09
0.9492193
8.30767e-07
0.04899455
0.0106174955
2.1872262e-05
0.18074717
0.032570735
3.7145946e-05
0.08953247
1.3393979e-07
0.11867001
0.09629022
0.18467803
0.14390157
1.8550176e-13
5.4061733e-12
0.93196326
0.72042954
0.03364926
0.9624124
0.16928075
1.09101116e-07
9.331064e-11
2.1227782e-11
0.462244
0.2510299
0.064552285
0.9131506
2.6849218e-08
0.85960364
0.33732128
0.090527356
0.055827513
0.087705515
0.9646623
0.0020648146
0.6918385
4.6665675e-05
0.11211575
2.7790728e-08
2.4279966e-14
0.37726465
0.04158057
5.1183454e-12
4.496698e-07
3.8116563e-12
0.35735023
0.08375096
0.8915383
0.001740156
6.1288634e-11
0.93773115
0.050813742
0.085818134
1.23446044e-08
0.107610516
0.15080051
0.11438907
3.153057e-08
0.90953493
0.6281654
4.213382e-07
0.9201426
0.93674564
0.016909925
1.08690583e-13
8.3665405e-08
0.061060864
0.104942605
1.5777008e-08
1.0507341e-13
0.8358589
1.2216407e-05
0.154577
0.24978799
1.14353675e-07
0.2895497
0.87608176
2.5904952e-11
0.07581031
0.0261537
0.87651306
1.4518798e-07
0.109541826
5.421722e-06
0.9130444
8.882758e-08
0.18140326
0.14084977
0.3037472
3.555478e-08
0.88081455
0.9522976
0.044283554
1.4905912e-07
0.19484808
0.11424694
0.12900984
0.24921285
4.3271182e-05
0.07922896
1.6566035e-09
7.768763e-09
0.3139057
9.126777e-14
0.34217966
0.06530657
0.13450512
1.19179955e-08
3.5809123e-11
0.05762334
0.41309565
0.10963149
0.5556711
3.0348798e-05
0.91813755
0.0001884313
1.05930245e-13
0.20301768
4.9064143e-12
1.1287949e-08
0.10376127
2.4049186e-06
6.489307e-14
0.045492843
0.959403
3.5304545e-08
5.0798707e-08
0.31712145
0.92536604
0.9172178
6.4490774e-12
1.4658036e-09
0.0945244
1.1234166e-12
1.7561329e-11
6.4986597e-07
0.055563387
0.091103
0.00042473356
6.5886525e-07
0.037116177
0.1354845
0.08694976
0.1275051
0.14518893
3.0136793e-05
0.947805
0.20140214
2.4837162e-11
0.29758602
5.341433e-10
0.0034713964
0.005010025
0.36736178
7.7685565e-09
0.9013023
0.07344113
0.090742014
0.9693731
0.0020540643
0.13023332
0.0001645274
0.93280166
0.8773636
0.18086538
0.027140807
0.2657114
0.9383023
0.6840017
0.18450965
1.7276737e-07
3.829248e-07
2.9608593e-08
0.057376176
0.23396716
0.8961471
0.16730125
0.906759
0.014432
0.06973308
0.725344
0.24234334
0.00010315827
1.2348114e-08
0.024797428
0.2829978
1.4664436e-13
0.21501127
0.36350566
0.56942946
0.37298727
0.93224084
0.89312595
0.037383903
0.94407046
0.96389496
2.7395285e-07
0.9515823
1.4747559e-05
0.15444775
0.11173419
5.0545646e-13
0.087559134
0.317909
0.9069661
0.15772717
0.04309961
4.345052e-08
4.8338364e-07
0.15117045
1.3406593e-07
3.394635e-08
0.34434235
6.012784e-08
0.1367578
0.9392057
0.94454384
0.1877357
0.00019532295
0.97580975
0.3202487
0.20507024
0.1190085
0.30074784
0.024247572
0.1898061
5.0776237e-08
4.1331052e-08
4.4074878e-07
0.072024
0.041354045
4.463626e-09
0.0020079757
0.005346706
0.19279605
3.8259692e-08
0.9214492
0.94671524
0.00056419027
0.2039271
4.8157894e-10
0.011933315
0.053694233
0.090445004
0.5766902
2.681852e-11
0.20594548
0.17701851
8.609317e-08
0.94805086
0.031368855
0.11603619
0.04893406
0.9450386
0.19926378
0.08856009
0.0358058
0.07824207
0.21353495
0.9606371
3.292155e-10
5.4398e-12
1.12366845e-10
0.16492568
0.9073305
0.02918552
0.22079907
0.9683063
0.17293389
0.83906084
0.020198023
1.4631109e-09
0.42105746
5.678691e-08
0.024126688
2.3183421e-12
0.893137
3.5461165e-09
0.0052174423
7.736959e-08
0.08209188
2.055015e-06
0.86887
0.15365243
0.29820022
0.16457376
0.029115103
0.093758054
0.015544721
0.04280973
0.101608425
6.839923e-09
0.043184638
0.07660359
0.20586707
0.058398247
0.010375655
0.17383689
1.913271e-09
0.11809573
1.2924941e-07
8.11113e-06
0.25282064
0.26346996
0.15133682
1.6531565e-05
0.18244764
0.0076384796
1.0953185e-08
0.1533525
0.18088672
0.92766035
0.1819036
0.3561101
0.8463992
1.4868976e-12
0.117281616
0.21662739
0.8662789
0.9389604
2.4076994e-07
0.22734469
1.5038985e-10
0.19728965
0.1536384
0.05023702
0.012615354
0.015837384
0.931195
2.8327126e-08
0.47590542
7.116238e-05
0.2034918
0.023696646
0.2039709
0.24673161
0.15712701
0.047149517
0.9535048
0.8973715
0.047710255
4.4663825e-10
0.017602699
4.53584e-08
0.33882284
0.9229857
0.08041406
0.03838581
0.8000808
0.72860724
0.018856572
0.05005892
0.8765444
8.971417e-12
0.00018573721
1.4489942e-13
7.2743136e-09
0.25788724
0.32098332
0.94873816
5.1946582e-11
0.03824557
1.8264536e-05
3.995435e-08
0.3725309
0.20654881
0.22255304
0.0020929337
0.06814151
0.193755
0.13732326
6.2042504e-09
0.28740814
0.17736654
0.19885075
0.09377347
0.046483006
1.7244005e-12
0.04465985
0.016136687
0.25496474
0.18078135
0.31234387
4.7232244e-12
6.578492e-05
0.09133494
7.2359334e-11
0.04558065
0.93088514
0.94546765
0.30488238
0.09868291
0.052870262
0.1624944
0.10728199
0.1258127
0.09749117
0.38077122
1.4345687e-12
0.0056193755
0.9482742
0.21010998
0.9228543
0.12310744
0.94473433
0.17373359
5.467397e-08
8.6388766e-08
2.932299e-11
2.0959534e-09
0.078094624
0.31277645
1.03079305e-08
0.1918023
0.20410176
0.9675156
0.9262307
5.4208867e-05
0.09209584
0.7848876
0.058878716
2.364951e-05
0.1036276
1.6489525e-05
0.9058377
0.89442706
6.73428e-08
3.0982028e-13
8.035223e-09
1.1354013e-10
0.8028278
2.511285e-13
0.07130609
9.538483e-12
0.13767365
3.2221703e-08
0.91902286
0.050687373
0.95971304
1.1178406e-11
3.532258e-09
0.7921384
0.95021725
0.16222955
9.030999e-06
0.00018162128
0.3137554
3.947605e-09
0.012198142
0.09870463
2.4816885e-08
3.8963407e-13
0.89764
3.608442e-14
0.14913654
0.110863365
0.8582639
0.023099555
3.2184277e-09
0.91930413
0.15440555
0.03408046
1.4978753e-10
0.123061255
4.4693333e-09
0.0825567
0.93649644
0.25522125
0.9222643
0.29758802
0.19282028
0.20207082
4.2415416e-12
0.21539672
0.84693325
0.9354315
0.7490068
0.9382224
0.07758238
2.698139e-07
0.9308088
2.7637127e-11
0.9032189
0.633694
0.252117
0.006706966
0.29492116
0.034338564
0.16534129
0.032784835
1.1884194e-12
0.20899442
0.23354329
0.03954411
0.16508967
1.7126865e-07
0.90221256
0.85831904
1.11916085e-08
3.008656e-08
0.33352262
0.03075833
0.9421901
2.8583566e-12
0.047355004
0.006033073
0.28980336
0.119568415
3.5901166e-07
0.4853472
1.2508707e-07
0.035433028
0.014921593
0.5438058
0.9216957
1.3009427e-13
0.15184887
1.0842934e-08
0.067032464
0.90013933
4.369379e-11
2.3917806e-05
3.3003797e-13
0.10727953
0.06160746
0.026761333
0.0662754
0.93571687
0.18715695
0.055308633
0.023711015
0.40330398
0.042002756
4.900326e-12
0.94301724
0.12964466
0.05108456
0.24939024
1.7275997e-13
0.6088756
6.69813e-12
0.0753524
1.2747758e-09
0.011538516
0.9216589
0.0188942
6.917161e-08
0.60634303
0.87682635
0.9285977
0.0557644
9.726594e-08
1.843194e-11
0.40012437
0.026481848
6.304035e-12
0.87587905
0.23449014
0.035997614
5.5693516e-09
0.18235335
0.06726274
0.1331681
1.4082627e-09
2.4631683e-09
0.94663626
4.585568e-13
3.1067184e-09
0.18706192
0.7103751
0.029780546
0.04657367
0.9049642
0.15105355
0.122353
0.9635704
0.873665
0.112869896
0.063126266
4.663513e-07
0.9567016
0.029983794
0.20578124
0.019210903
0.51908576
0.95040035
4.492756e-11
1.13182875e-11
0.074165694
0.25778276
0.27608472
3.0283723e-10
0.24811602
0.05953435
0.0151794795
0.18151091
0.017352486
0.20257199
0.941825
0.89036
0.09563447
0.00018265705
1.0661422e-08
1.4250965e-07
0.9245541
0.7367247
0.10824954
0.9017856
0.95923305
0.22803888
0.13298057
0.93355066
0.104501754
0.014340764
0.91810983
0.12517278
1.558106e-13
4.645497e-11
6.154893e-11
0.95302534
0.045881677
1.4827155e-11
0.05244083
0.9409261
0.838959
0.082046025
0.048896573
2.1560622e-12
0.05204743
1.4776253e-07
0.2188876
0.095245846
0.33525208
0.35582104
0.1750182
0.10300337
0.43464118
3.2837985e-08
0.15881751
0.1654447
7.070241e-11
6.5657923e-13
3.623132e-10
0.4957703
0.016111905
0.20117238
1.0198576e-07
0.77754885
0.9021875
6.630001e-08
6.524767e-10
0.9681083
0.1411626
0.1271471
0.16389558
0.12596992
0.23987736
0.23354831
3.7524592e-06
0.48830703
0.9406089
8.1354584e-10
0.323179
0.916505
0.953127
4.6075765e-08
0.17155081
1.6931914e-06
1.5936991e-13
0.027345406
1.4218723e-07
0.050283268
4.877105e-13
1.5823318e-07
0.22497962
0.93479496
0.08847818
0.063177854
0.88367486
0.9618085
8.295828e-12
0.05225088
0.0013369591
0.93713444
0.94513476
0.21430576
0.0381661
2.1654838e-08
0.19663262
0.11628533
0.24732815
1.4476664e-08
0.010943891
5.284381e-10
0.86348933
3.5470315e-08
1.4921244e-13
0.06420006
0.059527233
2.3149698e-13
0.9508892
1.4474103e-06
3.722874e-07
0.3378424
0.9423146
6.834709e-08
0.1156481
3.5583136e-12
0.85304713
0.89852685
0.05969539
0.039361026
0.105013095
0.15064433
0.13432907
0.6083473
0.08465153
0.09142742
0.02373093
0.12017614
0.80708855
0.031486653
0.30544794
0.9627471
0.0642788
2.0385987e-12
4.0613557e-07
1.0555198e-11
0.9612627
0.2447633
0.41088718
0.39813495
9.2227504e-07
0.8990102
4.9306014e-11
3.8650857e-08
0.8634143
0.14179838
0.953238
0.16765594
0.07180085
0.08576297
0.30005562
1.1904175e-07
2.0907117e-12
0.8542087
0.8996737
6.9926466e-07
0.1338888
0.92932534
1.5345375e-10
0.60069233
0.018661555
0.9369934
0.055908088
0.062641576
0.049163446
0.3454618
0.11370829
0.9569526
0.88610566
6.068061e-06
0.13381346
0.8396927
3.275347e-12
1.4982668e-10
0.9347359
5.977843e-10
1.7292642e-06
0.87924504
4.852526e-09
0.09737468
3.3262046e-11
0.90581083
0.9391437
3.934563e-09
4.455525e-14
0.8289099
0.9107981
2.251592e-12
0.2234252
0.35802442
6.361545e-11
0.80158037
0.017248476
0.20540315
0.2536919
1.545966e-05
3.4884188e-08
0.92649275
0.31122097
0.90791404
2.8600438e-05
0.05162494
8.822539e-10
0.00046001177
7.0284824e-07
4.228698e-08
0.053927783
0.0064333254
0.9143466
0.25502864
0.9296437
0.8547201
1.5937768e-11
0.04064063
0.2976774
5.8924553e-07
5.7603515e-13
0.0027793176
0.14014307
3.439678e-08
0.8971698
8.562244e-10
0.14720005
0.0026708408
5.207036e-05
0.13201083
0.018099383
0.06847289
0.0007965671
0.93459785
5.7137157e-09
0.063644715
1.9477861e-06
0.06827783
0.046717994
0.12002936
0.06925381
0.12512326
0.8817508
0.901638
0.04266259
0.93782526
0.06518729
0.012932306
1.0735887e-07
0.025805583
0.6078586
0.6302594
6.598764e-12
5.6743705e-08
0.8262686
0.06258523
0.23252572
0.14199781
0.92676145
0.85520077
0.031817686
2.034175e-12
1.5584612e-05
0.06687463
0.54957
0.9101833
8.4383714e-08
1.3926406e-07
0.20080766
0.94589335
8.239651e-10
0.16399476
0.09346802
0.06551371
0.043120593
0.4424985
0.84142345
4.065862e-05
0.81697214
0.068508394
0.94089115
0.0499835
0.9344137
0.2345395
0.23352332
0.060023922
2.1935355e-08
3.072816e-12
0.14986226
0.10998776
3.5939635e-10
0.17108464
0.20114487
0.9075078
0.086642556
0.92355573
0.85695463
2.0992577e-07
0.040028974
0.10761151
1.0832479e-07
0.06535381
0.011346727
7.000012e-14
0.9152809
5.681765e-09
0.228697
0.1436103
0.1148789
9.183359e-09
0.17981793
0.0067502246
0.00010800825
9.450424e-11
6.6072154e-08
0.07283473
0.5209475
0.057724264
0.9370671
0.115669176
3.8079855e-09
5.443797e-08
0.6698493
0.14851148
1.0328495e-05
0.07861823
0.12577209
0.08576161
2.9988772e-07
0.95954376
0.10292427
0.1962046
0.036326453
0.10661581
0.8959922
0.91719353
3.8744222e-08
6.994294e-08
0.027034463
0.022736454
0.21569265
0.23268159
6.330357e-10
2.7983165e-12
1.3887423e-05
0.93212366
2.2561576e-08
0.18065661
0.7331399
5.2386645e-12
0.9356083
0.107924856
2.9955442e-07
0.31366837
0.0048561357
7.962075e-05
1.4975582e-10
0.17469501
1.0788033e-05
0.00013502946
5.066372e-12
0.12877937
1.3330963e-11
0.3143963
0.26071474
0.31493372
0.01695448
3.864021e-07
0.03626375
0.13165824
0.0011456563
0.041023348
1.0214144e-12
4.537263e-10
0.9497274
0.88783455
1.2102554e-07
1.8553534e-05
0.19521086
0.07668701
4.5980247e-12
0.6230776
0.095937796
0.10505655
0.045740753
1.6464432e-11
7.6168353e-06
0.9605993
0.17359646
0.21844055
0.9558031
1.1853916e-10
1.4573453e-13
1.06853915e-10
0.88155687
0.009691259
0.32896382
0.16797076
3.913323e-05
0.879712
0.23037925
0.17568512
0.32281876
0.8537624
0.9058339
0.90762943
0.29349923
0.9215338
0.039076354
0.10805604
0.14817326
1.7454653e-07
4.4495007e-08
0.11436574
2.0038446e-09
0.16809751
0.9740433
0.9524952
0.18396868
0.81884354
0.9581685
3.2076457e-06
0.30297163
1.1264812e-11
3.7683616e-09
1.797499e-07
0.18682118
0.21911904
2.049271e-10
2.1069476e-13
0.9518169
0.872302
0.056391694
0.0420137
1.1015922e-10
0.05597239
0.83575696
0.86424774
0.0014654617
0.008891835
0.055804607
0.84924495
0.25285664
0.23036301
0.9171187
0.91923463
0.95169425
0.29475284
2.208914e-12
0.62542903
6.662631e-05
0.9770538
0.42853445
0.16814741
0.33329
0.9440112
0.91769344
5.330072e-11
9.0898354e-08
0.19566995
0.015040828
0.16301322
0.13836958
8.44951e-06
0.948978
0.16670664
0.19231728
5.096872e-09
1.7901532e-07
0.030002631
0.008816407
0.1695229
0.09554735
0.9200278
0.8982636
0.9313753
0.14127384
0.9204573
0.19006848
0.29552966
0.00031014177
0.24856466
0.05789721
6.300321e-08
0.94048953
0.04001506
6.3637002e-09
0.8715176
0.011716805
0.0802892
0.07331941
0.3578706
6.826579e-12
0.29596803
0.117001906
6.4178994e-06
0.8469574
0.3292728
0.014874936
2.3893483e-05
0.13148272
0.84344786
6.6975776e-09
0.11056837
7.5488435e-12
0.91153324
1.622594e-07
0.77826935
0.1170373
1.6965258e-06
0.89912164
0.18976222
0.16912182
0.02749575
0.21778424
0.90159506
0.94329494
0.007203258
0.92656684
0.9582011
0.9475179
0.03942722
0.027974436
3.4497951e-09
0.95181
0.14537711
0.28363273
0.89912164
0.33954585
4.379774e-08
0.9276376
2.0366558e-08
0.9202471
0.9135585
0.28102124
0.05359935
0.43322185
0.963711
0.9201481
1.3425763e-06
0.35595995
0.06935212
8.164687e-09
4.214012e-12
0.20370755
0.054623205
1.3576173e-06
3.423551e-08
0.02294392
0.20999849
0.94512826
5.1436338e-12
0.21999675
0.94271195
0.00020064344
5.929363e-11
2.3121911e-08
5.2320935e-08
0.87731034
0.92229027
0.92676044
0.32338336
5.730952e-12
1.648111e-08
2.8827716e-11
0.84850943
1.6617724e-08
0.9404908
5.892623e-05
0.81197
5.4842144e-06
0.20668292
0.8354415
2.3167555e-08
0.23970175
0.2519193
0.066895135
0.22843614
0.79365104
0.41586354
1.01084076e-07
1.3655009e-08
0.28481695
0.14998987
0.07242078
1.21564685e-11
0.20879732
4.168995e-08
1.616366e-12
0.0188471
0.95307446
0.101920836
0.05899584
0.34972677
0.8651739
6.1612275e-07
0.930437
0.024078779
0.04556741
4.1836055e-11
0.13902345
0.9559214
0.04662036
0.118772484
0.2673534
9.379514e-10
1.3289332e-05
0.83441377
3.1871988e-07
0.9167215
2.8799427e-10
0.4258167
0.01791159
0.014869277
1.2749521e-11
0.2546017
0.082849264
1.2233215e-07
6.2526246e-09
0.94230753
0.14121938
0.10750694
0.075095564
0.26364064
0.9028112
4.3235866e-07
0.17363003
1.6626035e-06
0.02562444
0.09194006
0.2709523
0.13394718
0.13262972
0.91448724
0.076283626
7.5540363e-10
0.051766366
0.12091582
0.013634681
0.08307508
0.19499952
1.3343987e-11
0.14286715
0.9147941
0.4088916
0.025169762
8.247905e-14
0.16847545
0.059539955
0.101237684
2.7367398e-11
1.2815221e-08
0.8915134
0.26229107
0.029774697
0.12923315
0.069945686
0.32571
7.7703525e-08
0.52107346
0.31604746
0.07110916
6.3603993e-09
0.120282285
0.9089594
0.07152301
0.15994985
0.30157042
1.0993343e-09
0.03120996
0.0002247759
0.053597856
0.14626887
0.89332104
8.137204e-12
9.2795396e-11
0.9394184
0.007882772
6.237857e-08
0.8594663
1.7595791e-08
0.916904
0.03544151
1.1575357e-08
0.9390667
2.8280198e-09
9.6357866e-11
0.89610946
0.18582387
0.050114755
0.113488466
0.020861704
0.014094538
0.28895923
0.084424265
0.13664491
0.13915768
0.14038607
0.69947606
0.091526955
0.92136824
0.035962336
0.005798968
0.043544233
3.3142595e-12
0.23764831
0.02228252
0.057771046
0.9335483
0.9062364
0.8951849
0.3512076
3.990348e-07
0.00014226504
0.7325171
2.9590615e-07
8.074858e-10
0.07834169
2.3432442e-10
0.86704063
0.82307774
0.8867097
0.07363066
0.13726981
2.5496467e-08
0.080096014
0.03852871
0.086096086
0.8166912
0.39283124
0.00023829984
0.08474648
0.4568168
0.3147034
0.023796001
0.8478408
0.41290143
0.17152825
2.6156997e-07
0.73643994
0.0058073336
5.2375804e-10
0.11790266
0.069473684
3.3319786e-10
0.8853694
0.120070994
0.028681424
0.0002253753
0.0024260161
1.5528741e-11
0.0094486885
0.9210347
0.3158661
0.1948648
0.09888043
0.36600128
0.25088972
0.24755988
0.036823515
0.8914062
0.0936523
0.26034856
0.15430157
0.060669824
0.32091978
0.876413
0.08145173
1.7036338e-07
1.2089575e-11
3.2498203e-06
0.27586487
0.12875609
0.16366372
0.28035653
9.5897626e-08
0.006892108
1.9398094e-08
5.8899525e-09
1.2670068e-07
0.9528334
0.951933
0.018182633
0.18406956
7.622269e-07
0.96043813
0.28808144
5.2551368e-08
2.6985358e-09
0.040782433
0.3512354
0.9606783
0.9226442
0.2254639
0.109253995
2.0687698e-06
3.7302589e-06
0.17185242
0.19482525
0.93263096
0.92215246
0.7695749
0.16666956
0.39723235
0.17647837
0.10220055
0.93263584
0.8260782
0.13030095
0.8314885
5.4009408e-11
0.38209248
0.00027168094
4.883051e-06
0.036352463
0.7955669
0.09996987
0.94721925
0.92082196
5.902781e-06
0.120056845
0.93030125
0.580496
5.860533e-07
3.0622844e-12
0.1880052
0.8846476
0.069521025
1.6101419e-11
2.1309007e-10
0.14524433
1.7719992e-09
0.075528234
2.5961183e-08
4.5409187e-13
0.10445842
0.10674404
1.522926e-07
1.9945573e-07
0.0142974565
0.9196077
0.25688884
0.11351459
0.050283846
0.06158884
0.0988618
0.30910134
8.566333e-09
0.04743631
0.00024428332
0.09819201
0.88587236
2.3803334e-08
0.2624234
0.75963855
0.13940105
0.9622709
0.92121106
0.14289843
2.8745737e-07
6.2068954e-11
0.0118859885
4.992411e-09
3.150797e-07
0.9609774
0.9696302
0.0420087
2.6833654e-08
3.1070165e-05
0.5491711
0.9221488
0.20238893
0.8527609
0.93669945
1.13731485e-05
0.8556987
0.025978826
6.628054e-07
0.94618344
0.05594001
0.9138416
0.9576639
0.06614616
0.93667483
0.21879938
0.26852036
0.51482904
0.073718764
0.9317734
0.15169336
0.9650738
0.1409503
0.13900568
4.835593e-12
1.9825844e-10
0.030264778
0.09404893
0.08868697
0.022031294
0.15220599
0.112040974
0.9559205
0.096674584
0.02074475
0.8812949
0.14677577
0.906759
0.16314223
0.23807995
9.199782e-10
3.3561366e-07
0.0909821
0.8088686
1.1590423e-12
1.6832185e-12
0.929959
0.08816846
0.01351168
0.12707491
0.18196869
0.14988968
0.19110261
0.43727598
9.188706e-12
0.2037013
0.05453486
0.4536882
0.07332102
0.13684049
0.9455666
0.04571357
0.26880568
0.8163018
0.13288732
0.15917419
0.13503717
0.9093524
0.015900645
4.205443e-05
7.2720133e-12
0.030546498
0.097202145
0.003466725
0.10045444
0.059162993
0.2774949
0.8911352
0.06264715
0.08805873
0.114334576
0.91929257
0.16060667
0.24944872
0.13048176
2.873638e-10
0.16526619
0.071150474
2.4698392e-09
0.9111865
8.529876e-09
0.93628466
0.0021423053
0.10560532
2.3062394e-09
6.0409024e-05
0.28294882
7.6395246e-10
0.9235547
0.25371972
0.00010408373
0.96024853
0.031128604
2.8466084e-07
0.016163614
4.0420164e-05
9.011405e-05
0.049686775
0.7932993
0.033599846
0.89607245
5.390508e-07
2.5255971e-11
0.96975154
1.2250551e-11
0.9676019
0.01513945
0.95305663
0.9209262
9.2558176e-11
0.092861906
4.497746e-06
0.050712366
0.28905082
0.092125654
0.93045384
4.780825e-08
0.95277625
0.8978233
0.17451811
1.3767154e-06
3.4920015e-11
0.76402646
0.8479553
1.0996545e-10
0.928139
0.03732842
1.889395e-05
0.13479604
1.506292e-11
0.0034446665
0.92780524
0.90818167
0.20831549
0.14489973
2.4587748e-06
0.90512854
0.25029457
0.94156176
0.049413964
1.3699517e-05
0.9219834
0.89565617
9.485744e-06
0.11610162
0.94313633
0.2569543
1.4740223e-07
0.047740407
1.0224753e-07
0.11492818
0.12671481
0.280413
0.33577514
0.9483251
2.446721e-11
0.08521795
0.0010929331
0.5114649
1.8944808e-11
0.14294906
0.043358598
0.70598644
0.21860713
0.38423234
0.55758
0.8221
9.263448e-07
1.13568294e-10
0.098537154
0.12994996
5.994988e-08
0.23386478
8.343732e-13
0.11570188
0.07618198
3.0491864e-07
0.08520974
1.6681656e-11
0.08190817
0.10848588
0.06229581
0.045684725
1.0633804e-07
0.9140303
0.14517722
0.25668058
0.022981267
0.11180916
0.88104934
2.8301502e-06
0.122699924
0.08341404
0.035235517
5.338909e-06
0.009739227
0.28246903
4.1676756e-07
0.13823155
0.27214476
0.88130635
0.15630539
0.9262461
0.083145574
2.2579599e-13
0.0073397933
0.00015079284
0.20246436
5.0390694e-12
0.19800848
4.1553125e-10
0.103525415
0.11193755
0.9168791
0.117800534
0.9520714
3.8853443e-08
0.8465164
7.651811e-12
0.07350511
0.0831898
0.20726123
0.7577176
0.86959803
1.3309103e-09
0.87799895
2.0223455e-07
0.058155216
0.9288209
1.970451e-08
3.5756283e-08
0.18259124
0.15450734
0.83316815
4.1750403e-09
7.238316e-05
0.40804687
0.9354296
0.13279147
0.49081135
2.9681587e-08
3.4743522e-07
0.095553316
0.24846683
0.19300482
0.89151675
9.4429096e-11
0.13706607
2.248298e-06
0.72412366
0.010490295
0.92010397
8.391908e-06
0.9294079
2.7629834e-05
6.072394e-11
0.09228104
0.00060553005
0.8634982
2.122086e-11
0.007171916
0.05359967
0.43222788
0.11260866
0.09908706
0.8205981
0.2546519
0.81721854
0.18091382
0.6299394
0.030130113
3.3077503e-11
0.90634555
0.0064931614
0.24490544
0.20838197
0.02514611
0.13061653
0.19774428
0.25562716
0.07520276
0.28053135
1.5220883e-06
0.36973363
0.87076646
0.30811793
0.2735472
0.0941851
0.041234136
7.376116e-11
2.0239888e-08
0.09307769
0.8461229
0.21088009
0.90160424
0.08946583
0.2103064
0.34851497
0.94412315
0.029021865
0.93667275
0.0886505
0.05397943
1.4172059e-07
0.0737943
0.010893606
0.12859723
1.6541626e-05
1.1230636e-07
4.0629782e-08
0.3242764
0.9312614
0.07222614
0.013820481
6.596178e-14
0.29091933
0.11896449
0.021044169
0.92268753
0.34859303
0.09175507
0.12530139
0.2366337
1.6467288e-07
0.16614206
2.1183446e-08
0.201948
3.0906264e-08
0.9357133
1.1737785e-07
0.25338057
0.9341919
0.25533465
0.09180448
0.09506883
0.17604454
0.9104102
0.9105334
1.8510626e-13
0.13394208
0.1405088
0.047239777
0.3743099
7.2893585e-08
0.07514334
3.755967e-10
0.9179529
1.0060129e-11
0.9552539
0.08784736
1.131668e-07
2.5965393e-08
0.7798001
0.90919024
0.22193606
0.9190343
0.7421783
0.21500017
1.6321845e-12
0.2127285
1.1393803e-13
0.24461469
0.2255527
0.088684216
0.28392845
0.037325397
0.85823214
0.12430057
0.31074673
3.6307702e-07
0.8436725
0.09144608
0.9502592
0.1849004
0.1317279
0.024316655
0.37788627
6.077233e-09
0.10757755
0.1704494
0.23031673
1.1403942e-12
0.29824427
0.047303785
0.009637707
0.07792885
0.08522473
7.400577e-08
0.90837836
0.6463054
0.0028278332
2.6444127e-10
3.1419975e-05
0.9380332
0.9251241
0.043572854
6.832688e-07
7.679389e-11
0.4867667
4.5817515e-06
0.7640561
0.011258454
0.9327832
0.91068816
0.97116214
0.2175036
3.3424776e-12
0.1185051
0.07709827
2.6698326e-11
0.9449133
0.17941613
0.07389733
0.97599244
0.954023
0.17307071
0.11209372
7.485824e-09
0.8334393
2.2574866e-09
0.6805456
0.05448685
0.14662018
3.0383523e-10
0.13159338
0.28514603
0.07858035
0.26307672
0.10458646
0.22149384
0.029594688
4.3917698e-08
9.9819235e-06
0.87857366
0.5032529
0.09278226
7.885943e-09
0.8136587
0.021364989
0.8417836
0.17405947
0.122089535
0.086545005
7.2327734e-11
0.17143919
0.06878616
0.9352378
0.93275625
0.20359544
2.3437956e-06
4.0663794e-13
4.6503405e-06
0.36864316
0.17563803
0.8993698
0.104068406
2.596082e-13
2.0294053e-11
4.2595855e-07
0.11310561
2.0384668e-08
1.7645918e-10
0.877787
0.19732948
4.517236e-06
0.8640471
9.525271e-11
3.8336483e-11
0.7436767
5.119027e-09
0.89540595
8.711831e-08
0.032055046
0.25987834
0.22657873
0.08952594
0.076036125
0.14046991
2.8348957e-12
1.5504119e-11
0.39655036
0.055628907
0.041977238
0.9379312
4.609797e-07
0.23051214
5.544367e-07
0.13909005
0.8765263
3.2002127e-08
0.80663127
1.2172403e-12
0.94219434
0.29020032
0.29940662
0.9351838
0.032695107
6.0345807e-05
0.21525049
4.1271304e-07
0.012214483
0.915027
0.13045694
0.9467213
0.0787431
0.008662491
3.8014356e-11
0.26194447
2.1650088e-08
0.19066025
4.3280554e-05
0.11131009
0.8955141
0.27974528
1.3652267e-09
5.3389915e-05
0.09677256
0.13536003
0.17570263
0.14636272
2.4119881e-06
7.9333475e-08
0.031729084
0.5685546
0.8671579
0.9417359
0.08520249
2.2976996e-05
1.3432751e-11
1.943334e-09
0.8477828
2.7499955e-10
2.3077938e-08
5.8764115e-08
0.074629754
4.9372666e-06
0.094845966
0.9172025
0.40486723
0.9291989
0.94359916
1.6529705e-07
0.108988844
0.0590791
0.062462285
0.09346317
0.05902283
0.943933
0.25772494
0.028329598
0.9325084
0.17121994
0.9178816
0.81193304
0.16508336
0.31212717
0.1350098
0.14461109
0.8195222
0.042878814
0.26161218
0.021664876
0.22638616
3.0784997e-09
5.6318695e-05
0.0943572
1.3064831e-09
7.856131e-08
0.2747515
0.905677
1.3157916e-12
0.914752
0.9354419
0.037205506
2.425731e-08
4.712613e-09
0.9081409
0.30005145
0.04038162
2.7385768e-08
0.14706245
0.9397636
0.88552094
0.09663186
0.014214632
0.38334176
1.9595072e-08
3.0643618e-10
0.96699435
4.1725914e-07
0.69646853
0.9313362
4.338568e-08
0.95179325
4.7880495e-09
0.727282
8.158316e-10
0.038869128
0.04074274
2.795541e-07
0.009459209
6.179063e-08
2.6060057e-12
8.900955e-06
0.07362948
0.82102066
0.8451673
0.16822793
2.8204686e-05
0.049262363
0.13323425
0.94283366
7.3336313e-13
0.9254621
7.703716e-14
0.23044077
1.6653546e-08
4.4904755e-08
7.0871265e-06
6.6397915e-06
0.58453876
0.22398366
0.104457535
0.3622249
0.11252019
0.05685018
0.5435696
1.5887628e-07
9.218549e-08
0.08927414
3.7383785e-07
0.05576809
7.938258e-07
0.28585777
0.2550342
0.20218162
0.4983004
0.0023574235
1.0104046e-08
0.15367998
0.16724315
6.0608146e-10
5.042115e-09
6.781297e-13
0.9424772
0.9553732
0.48493874
7.6063444e-10
0.94682336
0.9232959
0.05476637
0.46562806
3.483769e-06
4.0289935e-05
0.016255036
0.36904445
0.42813638
0.93758726
0.93089646
0.067822434
0.039194454
0.9219197
0.9317466
0.13301337
0.24017276
4.1008556e-07
0.1631188
0.051011354
0.88470906
0.92538565
0.021355461
0.0003914859
0.9574164
2.4799233e-08
0.36035243
7.0182686e-08
2.1919072e-07
0.22109608
1.536962e-11
0.913115
4.968147e-06
1.1514882e-13
0.49360538
0.9077858
0.43353605
1.1538538e-07
0.8727761
1.06879394e-10
0.008164365
0.9208782
8.707322e-10
0.9343222
0.71819264
0.8025353
0.9302183
0.048304517
0.8687548
9.949296e-06
0.06902795
0.095933884
0.49317536
0.27707547
9.0237007e-10
0.073059395
0.053511024
0.92700976
0.8325129
7.7901325e-07
0.25742763
0.19486237
0.11247281
0.28076446
1.1546779e-08
0.00013561826
4.7711825e-07
0.18023552
0.01792102
6.18916e-12
0.037114795
1.565734e-07
0.6870139
0.30475295
0.1814387
6.0824044e-09
0.24750525
0.038951617
0.4254387
0.92054296
0.06254344
5.4105033e-13
0.20732914
2.0208506e-10
0.9475196
0.06872215
6.50312e-11
2.1493025e-07
0.018209597
3.5510052e-08
5.8326214e-06
1.5811733e-09
4.9885816e-14
0.12482217
4.6800863e-10
7.747203e-13
0.9070758
0.874208
0.89602536
0.12256243
0.8270896
0.027986718
0.6838412
0.9158027
0.1549834
0.9117478
0.21346135
0.054280277
1.5785089e-10
4.532439e-09
0.8145483
1.0786352e-12
9.7562115e-12
0.1458582
0.1412806
0.16634855
2.5583506e-09
2.0629952e-12
0.87224
1.5707585e-12
0.05080661
0.18569207
2.4831298e-10
2.4744772e-05
0.23905559
1.5401314e-11
0.83956534
0.037808463
0.92100513
0.06626852
0.22441943
0.938848
0.9291099
0.91847134
0.07299222
2.6445185e-05
0.18671939
0.9317952
0.04471984
0.95133454
0.92932564
0.93596876
0.15485018
1.3486067e-08
7.415741e-11
6.364722e-12
0.05402184
0.018600116
0.23841818
0.2830629
1.9695324e-06
1.3898789e-10
0.14391041
0.7737543
0.9142445
0.034044746
0.03712616
0.0113182785
1.8908201e-11
0.2903131
0.20915903
9.980381e-07
8.3825064e-10
1.197439e-08
0.06317233
0.9462365
0.10839369
0.02717578
0.054300144
0.21895559
0.9635979
8.22868e-08
0.122813515
0.19854744
0.0944044
0.2568329
0.13231666
0.9449148
0.94545853
0.059302498
0.9311174
0.119370446
0.90430653
0.089652084
0.28967085
4.6224176e-08
0.008063364
0.163185
0.91277933
0.0061721792
0.8839451
0.08016288
1.2953162e-11
0.31521556
0.00077673915
4.413375e-08
0.84593606
2.7219597e-08
5.823409e-05
0.35259742
0.0006291782
0.9020539
3.5233285e-13
0.9096143
2.7617202e-06
0.045825828
0.90044737
0.33626792
0.92847
8.914572e-06
0.9101584
4.4141075e-08
0.9164238
0.41841114
0.0053647407
0.93859905
3.347954e-11
0.9130976
0.9301331
2.697958e-10
0.37999576
0.07619003
0.35682324
0.18511778
9.292368e-10
5.927854e-09
0.139477
0.055387698
3.1348075e-09
0.12000977
0.8978675
0.06965591
0.22484374
0.05939539
0.19723928
0.9195357
0.060379438
7.454388e-07
5.5633373e-11
0.20476753
3.0579317e-11
0.31205377
0.17552969
0.116180375
0.878695
0.77303547
0.24676214
0.9001834
5.696609e-13
2.8315565e-08
0.09615797
0.3781717
6.646502e-11
4.2026285e-09
0.07345677
0.042483177
0.0827216
0.045727715
0.96218747
0.13685775
0.8016557
0.3076602
0.86964935
0.09173358
0.16507098
0.91268307
0.17119353
0.9045268
1.5456654e-07
0.07615435
0.15857671
0.8726142
0.94271404
4.739415e-07
0.006662118
0.18308191
0.36970553
2.493779e-07
0.24474514
1.2092531e-06
0.3605385
7.939974e-05
0.9279092
0.003857745
0.0491627
0.070376344
0.029578082
3.786088e-11
0.035464328
0.33590102
0.055026457
0.87006956
9.086503e-09
0.45027998
0.16848788
0.38061163
0.056803666
0.05839898
0.95537966
0.14490746
0.06445101
0.07723573
0.8835106
0.28682926
0.91683376
0.36598834
0.17212886
3.9673567e-10
0.14532533
0.08331246
2.3482306e-12
0.28725624
0.8295134
5.0193097e-07
0.036830947
1.3362835e-07
0.16338456
2.1449019e-08
0.16803098
0.9310697
0.9129022
0.39046445
0.25149724
0.83690697
8.310074e-10
0.037626434
2.8906836e-05
3.8817263e-10
0.13892363
0.79022723
0.14129111
0.0695013
2.0566843e-07
1.4479002e-13
0.047216926
0.27841526
1.6050918e-11
6.2102315e-12
0.020912617
0.10482782
0.082775235
0.15416645
0.087545805
0.9179757
0.08913053
0.2832528
0.024442567
7.857605e-07
0.015347907
0.89937043
0.07550398
0.08482307
3.3213456e-09
0.8843394
0.9343257
2.2132409e-12
0.9140966
3.9398596e-08
0.058103353
2.0942369e-07
0.81874424
2.805235e-05
2.357934e-05
1.5277924e-12
0.064176165
2.5406786e-07
0.9487067
0.060515486
0.024165334
0.08602885
0.79800576
2.0679018e-10
0.9133261
0.86045027
0.16815224
2.9742738e-08
0.028370975
0.16044079
0.4799333
0.23391595
0.046631817
0.19322522
0.035937358
0.27494875
0.10114773
4.507086e-09
0.04450995
0.030382732
3.6278868e-07
1.4346159e-07
0.0069358097
1.15345564e-07
0.021616085
0.9566519
0.9439341
9.220112e-09
2.6555901e-05
0.9366902
0.074632846
0.8040335
3.7273246e-08
0.39846674
1.4934456e-07
4.13793e-13
0.18855546
0.9738192
0.22208187
0.231662
0.077145785
0.1863168
0.905791
1.4255759e-08
0.12475647
0.6901892
0.14896584
0.036329865
0.01840329
0.029398158
0.09124793
0.8628883
0.83571106
0.093396105
0.90523696
0.9536028
0.16034968
3.2154267e-07
0.9257437
0.9785443
0.06612329
2.5970108e-11
2.4937153e-06
8.0448274e-08
0.10240269
0.9386685
9.162277e-09
0.93834037
0.016751213
0.18179283
0.671571
0.89711815
2.7454968e-07
5.001408e-09
1.0556931e-05
1.2135164e-10
0.16674067
0.28296286
0.09764619
0.9634513
0.017733915
7.526981e-07
0.8858375
0.84366053
0.062254187
0.09483976
0.22218883
2.2017235e-10
0.073282115
0.102730386
5.317232e-13
5.9380394e-09
0.76441044
4.5204835e-08
0.10414529
2.9544948e-05
0.91739255
4.3569194e-08
0.88664305
0.25140205
7.344162e-12
4.1786334e-09
0.6484488
1.1267486e-07
0.89456135
0.81567854
0.027534286
0.5443206
0.16520017
7.491433e-07
0.4393489
0.16916211
0.9441881
0.04011782
7.3474965e-08
2.0470152e-06
3.4243605e-08
0.20184156
0.19805285
0.08019555
0.74710476
0.68619007
0.9489072
0.054911915
0.93712986
0.07200512
2.687395e-05
0.053423785
0.058980204
0.18579523
3.2501848e-07
0.18016252
0.10831987
0.15552141
5.291015e-11
2.0462955e-13
0.18530901
0.21819086
0.91136855
0.13684243
3.02187e-07
4.4220558e-11
6.23543e-08
0.19786008
0.2770476
8.2135635e-12
1.5886187e-13
2.4182796e-08
7.668302e-09
0.93929183
0.24574621
0.2779483
0.012526056
0.9579317
0.20555905
0.033324763
0.8787721
0.854593
1.3347805e-07
1.0216415e-06
0.9035758
0.94598883
0.0961943
0.935993
0.17684078
1.323459e-07
0.85638726
2.2341595e-08
0.1094522
1.2869501e-08
0.18561094
1.536307e-06
0.25596368
0.95373005
7.560637e-07
0.09924679
2.7917688e-09
0.93949986
0.1045701
0.048175752
1.3661421e-05
0.94530463
0.15918134
0.5219265
0.102976575
1.8469834e-08
0.4296563
0.12337977
0.030576792
0.2103443
0.9426688
0.00095893396
0.030357191
0.10864088
5.0510904e-11
4.4024493e-14
1.9837798e-06
0.32182047
4.832382e-09
0.9087326
0.15142411
0.126277
0.17972748
2.7954903e-07
5.874009e-13
0.81401205
0.0002529684
0.24806765
2.7839401e-14
0.10075939
0.2322751
6.741594e-06
0.17783366
0.9368272
0.8950581
0.9111583
0.08551759
0.07441584
1.525059e-08
0.15381883
0.91094655
0.24204478
0.24380578
0.08195019
9.49886e-10
1.811338e-07
0.90014327
0.20874786
0.006223852
6.733176e-08
0.22491519
5.6587077e-09
0.046102688
0.15474072
0.3655239
1.6214229e-13
0.052426245
0.22438598
0.03408431
0.91303456
0.90113056
0.17002785
2.941149e-11
0.12503473
0.14378077
0.9185199
0.08342157
0.10485439
2.5334255e-06
0.024622122
0.2680509
0.15536955
0.90083057
0.78224987
0.9655696
1.5808515e-08
0.86805314
0.94960344
2.4237917e-13
0.94815534
5.601036e-07
0.22506239
7.275302e-08
1.3068719e-09
2.4913813e-09
0.56046057
0.024537385
0.09327027
0.0866537
0.7613516
5.149268e-12
0.23510846
1.9352547e-10
0.12285565
0.82448846
0.041563254
0.42947307
3.4446173e-05
0.8759783
0.18833481
0.30259165
0.12089154
0.034737185
1.7698457e-07
0.1635321
0.20595264
0.17214227
0.2504158
0.23637144
0.8818299
0.8726095
0.10643525
0.96343285
7.2648115e-10
0.80700105
0.08628584
0.3102919
1.0515824e-05
6.754544e-11
0.016056893
2.5214858e-08
0.9311234
0.1424495
5.5996977e-13
0.89468217
0.061471246
0.098553464
0.9490194
0.028653545
9.220057e-06
0.2659347
0.21917613
0.17359538
1.5955282e-08
0.112754084
0.11997114
2.317879e-11
0.9309221
6.623366e-12
3.4021735e-08
0.33339825
9.257311e-05
1.0430986e-05
0.94703543
0.015170365
0.35926828
0.18396735
0.08272117
3.7318506e-11
0.01893635
4.466389e-11
0.05115279
0.93932384
0.65465
0.84421194
0.13693757
1.3377208e-05
0.25595805
0.9187217
0.11255985
3.117192e-11
0.11059515
0.20768306
0.13432762
0.5974499
0.12150834
0.18368466
2.1073174e-13
0.91427445
1.2382894e-07
0.24171692
0.96285814
0.10748737
0.8755533
4.1456247e-09
0.5527617
0.9240954
0.2912638
0.23449968
2.4005374e-06
0.01062805
0.82237697
0.010835633
5.6223304e-10
0.37788796
0.0008585598
0.039572943
4.4540394e-07
0.033729825
0.16127534
0.18000871
0.97755194
0.0527047
4.435276e-11
0.101833716
0.18176466
0.10474744
0.120724574
1.095696e-09
0.0965574
4.882395e-08
0.06101466
0.18359524
9.441388e-09
0.9210797
0.16140985
0.78148335
1.6329833e-10
0.24944551
7.530566e-12
0.19274463
1.6598818e-07
1.8158894e-10
1.7151582e-05
8.3410584e-13
6.412082e-06
0.9514563
1.6811075e-08
0.8768504
0.14635831
9.5768385e-12
2.473035e-13
7.2282523e-07
8.3281195e-09
0.24897934
0.059189267
0.11103255
0.9291591
0.06476013
0.4332547
3.2859724e-08
0.058800682
0.09227759
0.24133722
4.2615453e-09
0.19944987
1.1416914e-08
0.28865463
2.935458e-09
0.04661823
0.08989455
0.20194815
0.109264135
0.22266689
0.15747358
0.16441232
0.3086728
0.013036322
4.4842697e-08
0.046269823
0.9294155
0.107892476
0.061025314
2.7973623e-05
4.2332502e-08
0.9147473
0.79217106
1.1974549e-08
0.17287691
0.9524631
0.43777063
0.11066706
1.3903683e-05
0.9241387
1.06775175e-08
0.24701083
0.12083648
2.5171369e-08
0.19712262
0.00026579658
0.96444935
0.7797249
0.96130884
9.238973e-06
0.026359472
0.2039446
0.1554737
1.8571047e-11
0.11641839
0.048503462
0.20037273
0.036175955
0.100037485
0.25521457
0.080623955
0.15369074
0.0033441857
6.494218e-08
0.9400671
0.002667741
0.02880507
0.9735111
0.9366292
3.0726977e-05
0.2307565
1.8891284e-05
0.404852
0.11796801
4.139278e-10
0.84677637
0.925012
0.14607842
0.94172317
0.00068029366
0.32348356
1.700091e-11
0.10536162
0.163946
0.28742915
0.90596193
3.4182641e-09
1.13604765e-05
0.24400347
0.2964627
0.007945425
0.2663378
0.97463846
2.7414518e-07
0.08731783
0.27952835
0.26602182
2.3265882e-10
0.89393866
0.047385927
0.9217781
0.17065507
0.27677384
0.84685534
0.04781019
0.19106443
1.8695741e-07
0.94307977
0.55803347
0.20481049
1.5347914e-11
0.2996656
0.23299064
0.2194111
8.877386e-09
8.002768e-09
0.09914395
0.0021836876
0.15745914
0.88718843
0.88150847
0.9443378
1.3277593e-08
0.4031517
0.89962757
0.9624357
0.13162924
0.88670117
0.37880754
0.04442317
0.28221226
0.12569691
0.38297004
0.15608457
0.07474931
0.071512654
0.91653687
0.40851066
5.7303728e-12
0.021251418
0.018773984
0.06410554
0.1314576
0.96264344
1.3126177e-09
0.92128605
3.1989644e-10
9.795892e-05
0.21261355
0.86682296
4.931023e-08
0.21482472
0.10882047
3.493912e-05
0.27541432
5.6323143e-13
0.06384526
5.6158704e-09
0.8243362
0.8652999
0.21695791
3.3631205e-12
0.11521694
1.4055397e-08
6.754248e-11
1.2476616e-12
0.86541235
0.07581528
1.4959659e-07
1.9155853e-10
0.0046369378
3.5342997e-09
0.059413444
0.71466124
0.13674374
0.9538718
0.64082783
0.9114027
0.89793503
0.036798105
9.350999e-06
1.7875408e-08
0.954476
0.8999256
0.9533651
1.3490999e-13
2.083621e-09
0.020120787
6.146005e-07
0.936014
0.9408301
0.056898076
0.07798033
0.0005001713
0.047323674
0.08901192
0.91125804
0.11012722
0.0076746508
0.0026458458
0.14388016
0.25621128
0.14459758
9.469817e-06
4.7491793e-07
7.93938e-10
0.9313089
0.023328274
0.9724334
0.22998446
0.014361417
0.2099276
0.18187769
0.86964935
3.7294545e-10
0.016103886
0.907692
0.07795743
0.9673701
0.9361738
0.37889603
2.996051e-09
0.9493779
3.063716e-08
0.111042745
0.22037956
0.28975314
1.8656121e-10
0.3270174
0.13623105
0.079074144
0.14762251
0.018025197
0.9556616
0.9505792
0.94699526
0.039215833
0.12804899
0.9283154
0.9273408
7.726647e-09
4.1397812e-11
1.0418368e-11
0.16699435
0.93748724
0.8687981
0.17311387
9.012965e-06
0.91001034
0.0063110352
0.9314259
0.09659379
0.9007487
0.08651871
0.8264338
0.13553625
0.9381204
0.208351
0.10072595
8.066134e-09
0.21016954
0.09271091
4.0804053e-12
0.9225175
0.049718652
0.17510664
0.45029575
1.9006104e-05
0.075635135
4.6668983e-08
0.95725024
0.13263549
0.07936918
0.86943525
0.29255527
0.94121385
0.9098545
3.5070446e-08
2.778644e-07
0.8716754
0.037016504
0.17827907
0.015031308
0.91832685
1.9730685e-08
0.15507865
0.8706227
2.3448283e-09
2.3784484e-07
0.042011704
2.1510184e-08
0.96348965
0.08360113
2.8250124e-12
2.6354297e-10
1.4553235e-06
4.0157686e-14
5.2998193e-08
0.12546754
0.5290596
0.06260456
7.636265e-05
0.2668688
0.8158312
1.9030982e-07
0.2544648
0.90828234
0.0652679
0.9561998
0.059199125
0.80076474
0.094539806
0.24899262
0.025642164
0.3557306
0.3044528
0.2754051
0.15786189
0.2570639
0.8541
0.20687762
0.91665924
4.2860673e-08
0.89180124
2.85291e-08
2.2527388e-12
0.19758837
1.2904356e-08
1.6673633e-08
0.117763676
0.106399275
2.9746653e-08
0.8455559
0.06737252
0.12197856
0.44469288
9.841557e-06
5.6998138e-06
0.8355807
0.2976201
5.9149115e-05
0.9442792
9.518428e-14
3.3460946e-08
0.1443706
0.022717502
0.13585939
0.94555825
0.030317377
0.03485152
0.24060793
0.13829555
1.7688919e-05
0.0691134
0.9732686
0.94533503
4.339106e-07
0.23233409
0.3492887
0.08690754
0.22419561
1.1696103e-07
3.549066e-07
5.069273e-07
0.055860538
0.05956808
0.06066746
0.10762114
0.11517413
0.083641164
0.020976271
0.87461805
0.080842264
0.060101435
1.5008537e-12
0.024782965
0.20696388
0.053394638
0.27725962
5.7356537e-08
0.6459919
0.35463816
5.1738285e-13
9.855562e-08
0.24367507
0.098918065
0.35609144
0.25200397
0.22140166
0.20251262
0.945876
0.038990248
0.00024970848
0.10733068
0.31732133
0.017837709
1.2120871e-13
0.21524513
0.17676477
0.1387887
4.0225572e-08
0.4886045
0.18259467
0.9209262
0.8960319
0.71022516
0.019553276
0.0005091402
0.13368854
0.16405837
0.15621224
6.370212e-08
2.3163173e-06
0.10042575
0.074485905
0.120524935
3.2008306e-11
2.2318942e-05
3.5629193e-05
0.07056077
0.1760575
1.3044311e-13
0.21739773
0.033240344
0.019922378
0.95334536
0.08644303
0.086272985
0.86960554
0.076720476
0.700319
0.78910893
0.1675029
0.09538931
0.15980715
0.8943222
0.3386243
8.844623e-11
0.01781127
6.4009896e-08
0.1454751
3.466752e-10
0.8898653
0.8230162
2.391134e-10
0.93403506
0.8900632
0.33412936
1.021733e-10
0.0051339795
0.2234014
1.3887559e-07
0.06495904
9.214384e-12
0.25352684
5.9194714e-05
0.933176
0.23630108
0.01876421
0.107626565
0.14911014
1.9373563e-06
3.8936764e-07
0.79020876
0.8166402
1.797267e-08
0.13422371
0.78421813
0.26200274
9.30426e-05
1.3673978e-06
0.11354323
1.1036136e-13
1.6609315e-13
2.1592971e-08
9.110803e-08
4.6860802e-07
0.22571598
0.062550195
1.06004116e-07
0.87568784
0.9177435
6.2534894e-11
0.9287856
0.022390036
0.00056568615
0.9346828
0.8766744
0.9642301
0.001410349
4.9915627e-13
0.15589891
0.08414886
0.78654253
4.8896457e-08
0.0033168932
0.117258616
0.032250814
0.084215365
4.4788536e-05
0.66741335
1.5766005e-11
1.1340081e-09
0.50059855
0.3428487
0.14306837
0.18678887
0.05797598
0.083189525
0.17700356
0.24242301
0.050922353
0.44239122
7.4509354e-10
0.9379009
2.8186625e-07
0.8392543
0.059581142
0.068110935
0.90583843
0.36381522
4.9585856e-06
0.08323681
4.9998916e-09
3.8960718e-10
0.14027733
0.24813034
0.3095765
3.2722753e-08
0.11790332
7.896033e-11
0.8814072
7.1998636e-11
0.06540805
0.2064382
0.89352983
0.019646259
0.015223045
0.05219933
1.10946155e-10
0.80628943
0.86978596
0.22063175
0.35126537
0.17475924
0.93530685
0.025801428
0.7962025
1.5585677e-08
0.082779184
4.0724046e-08
8.419286e-07
0.9607037
0.013329613
0.9156953
0.09662154
0.21101539
0.14370689
0.08755425
0.93923223
3.584315e-07
0.13567473
0.14087492
2.794621e-07
1.8424577e-09
7.0049673e-06
3.176108e-08
0.11495246
0.23558927
0.9223859
1.383545e-07
0.9510806
0.9280809
0.12557136
4.8290878e-11
0.20299374
0.3225328
0.100040846
4.0416072e-08
0.77869666
2.3329984e-12
0.22086184
0.943978
0.9761268
0.20394942
0.93908
7.062437e-11
0.38813707
0.18060355
0.064862035
0.009611209
0.7265294
0.10438695
0.9237011
0.92099214
0.12929428
0.06177184
0.6161722
2.8207355e-06
0.102356605
9.453313e-10
0.011076605
0.09899891
0.17846356
0.29933634
0.92793024
0.11330178
6.7336515e-08
0.1339538
0.34613404
0.9355398
0.11609724
0.1155027
0.23797216
0.9519555
0.915442
0.9327302
0.098098405
0.0062357727
0.118452296
0.22372103
0.014133891
0.15573393
7.2771025e-09
0.06926386
0.09588468
0.3690911
0.055522926
0.09785259
0.8696272
0.05959199
0.041647304
0.10946374
0.063143216
0.28557572
0.8902434
0.47330862
0.066199735
0.32821202
0.8907706
1.6727329e-07
0.9454764
1.2510009e-11
0.083534814
0.059691772
0.8808808
0.3688269
0.016299082
1.5059251e-10
1.7037867e-07
0.039364126
0.9646868
0.94179523
0.08492284
0.008611073
4.2189743e-08
0.02440149
0.27250996
0.23547854
0.90163827
2.695292e-07
6.7351347e-10
0.21900909
0.9102177
0.087661415
0.4513285
0.12498872
0.8855097
0.1736212
0.16098215
0.018589221
0.92221016
0.75085807
0.124265775
3.2568628e-09
0.8957059
0.08166368
0.23319386
0.65136725
0.9532894
0.13965328
1.0150076e-08
0.17817013
0.018735915
0.21217035
0.9367076
0.3456074
0.23726799
1.88972e-06
1.8315685e-12
5.747481e-12
1.2149694e-06
1.8185885e-11
1.3103475e-07
5.9256275e-09
0.21501502
0.032609843
2.8704977e-05
0.7371984
0.12122339
0.6289588
6.7605307e-13
0.9435672
2.0125817e-09
0.6315546
4.370292e-09
1.40605244e-11
0.15526156
0.057712838
0.9433718
0.018560925
0.16011801
0.0003238774
0.80456996
0.104248494
0.0019175521
3.1388925e-10
0.954754
0.039379798
4.2406253e-13
0.30332148
2.0598585e-11
0.07629352
0.14385813
0.6745659
0.10328422
0.94545853
0.09566568
0.22732554
0.8861907
5.2695296e-12
0.27427238
0.91639024
0.8402823
1.6695934e-09
0.1558063
0.3257837
0.031080684
0.12040825
0.26917076
0.14336048
0.46636832
0.20795305
0.122628264
0.10686361
0.0014135048
1.936436e-10
0.08144738
0.013832443
0.2430514
0.044537254
0.9098737
0.89179397
0.21623097
5.5051386e-09
0.8696451
0.024944743
1.5210906e-08
0.19954003
0.95738244
0.8894276
0.12664801
0.030850206
0.056878917
0.06716855
1.3471026e-12
0.050910328
0.24099168
3.9637496e-07
2.5514758e-08
0.9487969
0.068928786
1.54558e-07
6.3282896e-06
0.05637848
0.9273808
6.27756e-14
1.3841608e-08
0.9154864
0.09172229
0.9353859
0.88420385
0.4041637
0.9493837
0.10026965
0.006892095
0.16325368
0.0378764
7.2258336e-12
6.2182794e-12
0.89778256
3.487625e-09
4.2418254e-08
0.9650413
6.023509e-06
3.423544e-08
0.13124146
0.9123707
1.4821954e-11
0.31372157
0.000101913894
0.038084112
0.5591136
0.040770758
0.05959126
9.905744e-07
3.385996e-08
0.30978432
1.1717048e-09
7.920058e-08
0.0390188
2.6011698e-11
7.770901e-06
6.6226806e-09
7.344484e-08
0.14684863
8.3448775e-13
6.1587424e-12
0.011970152
1.2636774e-07
1.0042358e-11
0.26788825
1.50204e-11
4.8507487e-13
9.585534e-09
1.2000706e-08
2.463455e-09
0.12542698
0.96333295
0.069286786
0.90790427
0.11197206
0.47120467
6.4364634e-05
0.038461756
0.03876115
0.11540067
3.2015564e-07
0.1117833
0.18084158
0.89280516
8.038534e-09
1.7536977e-05
0.21337262
0.094586104
6.5437796e-08
0.3725397
0.24467069
3.429748e-11
0.12464339
0.22671896
0.197056
0.95009947
1.1736882e-10
3.0251062e-09
0.084576055
0.17092203
4.7044113e-10
0.24378425
0.8427926
2.6074162e-05
0.09218592
0.7884552
0.06567985
0.16372706
3.2350062e-10
0.12872013
0.032614224
8.0183477e-10
0.35138252
0.27258277
0.9744858
0.8164791
0.0019853823
0.03607246
0.039032817
2.7800945e-05
0.8324058
0.23246965
0.085121915
0.056080002
0.061619923
0.06161195
2.0030957e-09
0.92882305
1.0572567e-07
0.39558753
4.1975138e-05
0.75679475
9.504613e-08
1.073211e-09
0.18907736
0.90649486
0.03039787
1.6778201e-09
0.102372035
4.589865e-13
0.009612348
2.8033062e-08
0.14214785
0.95063686
0.027505951
0.97163117
0.9212415
0.14519036
2.2124951e-11
0.37001935
1.1694654e-09
0.26220655
0.919199
0.008977322
0.0022118327
0.8748456
2.4008255e-11
0.5757936
0.053157877
1.10418705e-05
3.0440908e-09
3.530515e-08
0.90399575
0.40465507
1.8639535e-07
0.26291242
0.10067512
0.08155546
0.10550492
0.022126038
0.12494005
1.3131966e-12
0.043714605
0.18509425
0.065300375
0.0065817824
0.0009861961
2.027375e-06
3.7854218e-08
0.9331136
0.021716708
0.025119092
0.091094576
0.8919832
1.2234538e-05
0.07161627
0.93932635
3.1967777e-12
0.24942318
0.009256141
0.96801543
0.9269006
0.94087255
0.07078751
6.4563535e-11
0.0005945148
0.23910226
0.08507513
1.2634311e-08
0.10677633
2.8514496e-06
0.54215163
0.95414627
4.6292463e-08
1.5534961e-07
0.06777772
7.4951345e-07
0.25261354
1.0813168e-09
1.029673e-06
0.0004000171
0.9428026
0.93997854
3.5828316e-07
0.898977
0.04647877
0.28610978
0.174113
0.15333803
0.04996547
6.120021e-11
0.9090029
7.406098e-12
0.19818792
4.4415682e-10
0.11369825
0.11540545
0.087201275
0.045064438
0.08463035
2.7162496e-08
0.18385756
0.23457126
0.3831071
4.607002e-06
0.21524833
0.44073212
0.20307308
5.2787725e-09
0.17662683
0.903729
3.7399204e-05
0.8592512
1.4848836e-11
8.3796685e-08
3.7441044e-08
1.112173e-11
0.35449374
0.12291427
7.1497566e-13
0.6724088
4.725351e-08
0.19716729
3.6487793e-09
0.35718924
0.8501627
0.37121212
5.1324523e-08
0.20027415
0.15051451
0.40275016
1.5955149e-13
0.04863055
6.772847e-08
0.1882386
0.86492115
4.2229373e-11
0.45068824
0.9578778
0.9657565
0.13026218
7.856734e-11
0.123555355
0.019316694
0.1093921
0.0032098633
0.8926121
0.004201769
1.247512e-08
0.12876843
0.93610144
0.19420405
2.3420827e-05
0.04196634
0.14689374
0.8562193
1.03908375e-08
2.035315e-13
1.3809982e-09
0.2591381
0.07326159
1.6964782e-12
0.15894681
0.388087
1.4285054e-06
0.07119863
0.88973457
0.2652075
0.92585146
0.9643168
0.9358879
0.035731435
0.9546357
0.046773292
7.147691e-11
4.7668027e-07
9.3105605e-08
2.0078902e-11
8.782387e-08
0.933253
0.1748039
0.027540803
0.044313367
0.0031759252
4.2583584e-10
9.622164e-10
0.71602744
0.099570096
0.20400131
2.7678887e-05
0.79028565
0.05848419
0.17734829
3.4494626e-11
0.09876859
0.9255623
0.026379818
1.1370319e-05
0.20374195
0.809064
0.3749844
0.24140844
4.0352614e-05
0.37943327
0.79720587
0.926582
0.3375336
0.9585427
7.4188137e-07
1.0928168e-11
0.97389853
0.22894068
0.88724345
0.039893758
0.078476354
0.26111814
0.8611883
4.800818e-08
5.2570486e-13
0.94869596
4.2914276e-11
8.53911e-08
0.9344228
2.7242766e-06
7.562909e-12
0.06168206
6.21507e-06
9.369184e-09
4.9104047e-11
0.16796482
0.008398538
0.14353798
0.88551486
3.7576665e-05
2.5071298e-10
0.067556
0.06768005
0.3343001
1.2674756e-13
4.3190698e-10
0.0008035321
2.5248692e-05
1.9139108e-08
0.025233535
5.325949e-07
1.3539026e-06
0.9301393
0.066039175
0.92742187
0.9599608
0.9708689
2.5388743e-11
0.30796054
4.85944e-11
1.8999641e-10
0.3432852
0.076906465
0.13726225
0.17942703
0.2709385
0.7915161
6.429598e-08
0.66514045
0.20953389
2.2465741e-11
9.0521476e-13
0.025201863
4.401203e-12
0.9127662
2.3759667e-06
0.9244945
5.5774226e-12
0.8897575
0.12088
0.92328995
0.94225395
0.91866636
0.93115515
4.6088044e-09
0.3802178
0.015794246
0.8833392
0.11649806
4.100905e-14
4.9694745e-07
0.079147294
6.74122e-08
0.8337192
0.13107936
0.113267824
0.14807558
0.8653078
0.07648152
0.013598994
0.6623248
0.8892197
0.21842162
1.744398e-08
0.9091499
0.117606156
0.15462145
0.112282045
0.0137329195
4.2449388e-13
9.937807e-08
0.9322167
1.9589391e-08
0.1579434
1.1521728e-05
0.02714218
0.018234454
0.22820319
5.659716e-11
0.029149022
0.03619028
0.10162997
0.11157227
0.6947825
0.031011002
0.22364049
0.15624316
2.7225597e-06
0.04207438
0.06709328
4.72754e-09
0.030841501
0.15082161
4.3322838e-05
0.09514648
0.17967586
0.8779517
0.20404817
1.6873884e-07
0.17088442
1.6535396e-05
8.727288e-07
2.2868443e-12
3.9789683e-13
0.912833
0.2902816
0.9092587
0.43442026
0.88508797
0.92862564
0.02736064
0.09867556
1.5779241e-07
5.711697e-10
0.073280275
0.8472226
0.292109
0.9317983
3.2775844e-12
0.12817582
0.93137234
0.09291824
0.04395607
0.23693544
0.038513653
0.09719733
0.12669598
0.17767525
0.072642505
3.8130325e-11
0.10232177
0.04539353
0.030329831
8.7880925e-10
4.8505318e-11
0.13042277
0.8735747
0.93672776
0.9501196
0.8400948
0.06064509
1.3829817e-11
9.989283e-13
1.3391024e-08
2.017124e-09
0.9324575
0.93901384
5.0251958e-05
0.25785518
4.254652e-08
0.72438365
0.13692579
0.02918737
0.91259134
9.260629e-13
0.0225801
4.1270454e-09
0.8600952
0.93997556
0.12364811
0.20501459
0.038915016
0.009221086
0.057078965
4.434324e-13
0.067041375
0.33554745
1.2544527e-06
0.100698866
0.37315556
0.101666756
0.024175698
1.514259e-08
1.6070573e-05
4.808763e-08
3.411719e-12
0.031982202
0.12433435
0.9138008
0.27833945
8.365173e-11
0.019845627
0.027780395
0.16527455
7.114612e-11
2.7439413e-08
7.946145e-08
5.9322706e-11
0.046981126
0.13605058
0.19886534
0.31452042
0.16182058
1.8561444e-06
3.7479494e-06
0.093377195
0.91130596
1.441658e-10
0.9536035
0.14155489
0.34028518
2.5502533e-09
0.9128479
0.055627905
0.71209574
0.06996382
0.21211319
0.7522746
0.39041927
0.24216188
2.4083105e-11
0.16031893
0.061459355
2.9842162e-09
0.018551938
0.0031085932
0.2566678
0.95980674
0.08945254
0.0609249
5.4370935e-12
8.568803e-12
3.7692435e-10
0.93483466
0.18355149
0.0075194966
0.9376199
0.84015936
0.041712403
0.21512018
4.548918e-10
0.04019884
0.03602748
0.04741033
0.00791554
0.18800478
0.32278588
0.3097684
0.028954107
6.4937105e-08
0.2041043
0.21947688
0.22657023
0.92573386
1.7621876e-07
5.3371346e-10
3.1626694e-08
0.26610222
4.926463e-12
5.9304326e-09
0.03704576
5.58111e-07
0.18849993
0.07899829
1.2852599e-12
6.7250365e-09
0.22197741
0.14548342
0.16032813
0.015590899
0.030645486
0.03885592
0.05085114
0.8792229
0.040985174
0.17760716
0.011441496
5.9327604e-10
0.5648132
0.20771112
0.19970849
7.8612675e-13
0.07069588
0.23811623
0.29284593
0.92494565
0.96175134
4.7282004e-08
2.8308245e-10
8.837877e-11
0.8303509
2.6244802e-06
0.16528569
0.9225854
0.08482624
9.729012e-11
1.317705e-09
0.7465423
0.024585886
0.0101862075
0.36890012
1.577821e-08
2.6952334e-13
0.012709567
1.9960559e-12
0.12542242
0.15935208
0.460599
0.5770667
0.9443355
7.7658036e-08
0.098447144
0.14033355
0.9254268
7.4780417e-07
2.066422e-07
3.0113264e-07
0.16352783
0.9149177
0.9645576
0.2538465
0.315673
1.6881818e-13
2.0953277e-11
2.2644169e-09
0.20165136
0.9266596
4.858344e-08
2.487428e-07
0.31027228
0.9232554
0.9089594
0.2592133
0.19237986
0.12538452
0.9388017
0.3627693
0.108116366
1.0455623e-09
1.2598e-08
9.118554e-07
3.6833455e-06
1.4407652e-07
0.030923523
3.9597026e-06
0.22164844
0.022740912
0.5180497
0.9706162
0.120307215
0.90847045
0.09924413
5.7876786e-08
0.16132073
0.11365623
7.396626e-12
0.1892289
0.17545752
0.11451248
0.23806182
0.0051972857
1.5304089e-08
0.003115774
0.93912363
0.30117926
0.20740603
0.038737606
8.608344e-05
8.449903e-08
0.8837038
5.1272764e-08
0.006082585
0.8938281
0.00426865
0.0011922211
0.0984114
1.4628053e-07
0.1367128
0.06422199
0.38022497
0.095022775
0.10170975
0.08512983
0.62345946
0.15660775
0.8583811
1.4963941e-09
0.28114203
0.28771347
0.89460725
2.1601053e-11
4.9599997e-08
8.994874e-12
0.123327464
1.0629213e-09
0.09774423
7.658817e-09
0.031421967
0.8572816
1.0571685e-10
0.09551818
0.9049224
0.25511652
0.8482503
0.5382427
3.4415483e-12
0.20192645
2.4388402e-09
2.2446338e-11
0.40012395
0.19511947
6.399613e-11
0.08064527
0.9380659
0.08056088
0.77427804
5.8104416e-08
1.08195275e-08
7.978826e-07
0.16470174
0.82829815
0.00055228994
0.24910891
0.02316101
0.03582645
0.14242716
2.7508007e-08
0.96166986
0.80023736
0.020743476
0.063641146
0.17664053
0.91899014
0.20837072
4.9729e-09
0.051371492
0.11587456
0.16711454
0.88916665
0.20256044
1.2704653e-06
0.09927173
0.25823843
2.2769676e-07
0.076497324
5.713065e-08
0.1404659
0.116882026
8.208893e-09
0.4382392
2.6316653e-05
0.040177725
2.6135353e-06
0.076586336
0.93799955
0.18386202
0.13825889
0.8860889
3.2107763e-09
0.119384445
1.1226043e-09
0.017244417
0.9212712
2.1555131e-06
0.21458806
0.108154476
0.16537389
0.8564596
0.20927389
2.8257463e-07
0.057197418
0.25461718
3.6254434e-05
0.04692333
0.91322947
0.91649437
0.14234775
0.15517905
0.9159273
0.022529699
0.5218765
0.111007445
2.0092031e-12
0.13245931
1.1656853e-11
4.0694034e-10
0.16046189
0.16975048
1.9886447e-07
0.06529736
0.1098631
0.8874238
0.8891038
0.36391458
4.8443255e-12
7.088913e-12
0.1541688
7.9447234e-11
0.1502856
0.008621056
0.92440534
0.9572283
3.6249944e-12
0.9485369
0.9407402
0.096205406
0.81765085
9.996874e-08
3.2307133e-11
0.10179296
7.2311074e-14
0.09113061
2.936869e-13
0.9602776
0.030279176
0.00050037855
0.108410314
0.23388882
0.9615442
1.6517039e-09
7.38213e-10
0.7357335
0.9263675
0.07907318
0.81250805
1.2622411e-12
0.00045332377
0.15145455
0.27112854
4.6283105e-08
0.94526184
1.662733e-08
2.102243e-13
0.257496
1.8214524e-07
1.3598251e-11
1.0000908e-09
6.9629715e-09
4.827782e-10
0.1169297
0.12791006
4.8761785e-07
3.0670296e-13
0.14118214
0.21110024
0.099555165
2.227235e-10
0.28254217
1.6397301e-07
0.09681094
4.913007e-12
0.95610905
0.13978419
0.8888921
0.3482508
8.351882e-05
0.037182994
4.5103818e-07
0.19433992
7.037899e-07
0.10175969
0.11234357
0.072801754
0.116571136
0.27374402
0.23337935
0.00038916306
2.3827548e-08
0.120437406
0.22902223
5.614813e-08
2.593026e-07
0.003262693
0.7559675
6.0895346e-08
1.0261234e-06
0.91072434
4.6909577e-08
2.6570226e-06
0.6149391
3.1292144e-10
0.24381872
0.22242782
0.060598273
0.032844003
3.067802e-05
0.21370627
0.9111378
0.68662184
0.05290376
1.3693946e-12
0.009365233
0.9224276
0.25011346
0.85562664
3.5022783e-12
0.29209983
0.84721965
0.10037155
0.11077354
0.15481995
2.4078892e-10
1.301767e-09
0.12052009
5.2306367e-12
0.18372007
0.0602167
0.7483653
5.354392e-07
1.4468267e-06
0.13144098
0.9278407
0.00905088
0.0010299458
6.4383814e-09
0.9371208
0.20374997
1.1530959e-11
1.3191564e-12
0.08714134
8.409574e-09
0.88063294
0.027004853
0.9567971
0.874467
0.93755496
2.6039685e-12
0.25964937
0.10874115
0.1174133
0.14468364
1.06645415e-10
0.8232768
0.09352781
0.032738253
0.022708654
0.9425532
0.13658053
0.18997557
0.17208636
3.2969387e-09
0.31763947
4.678064e-12
0.9435631
0.027382726
0.07087032
0.9177778
0.8723369
0.30754358
0.11662187
1.0973661e-11
2.5709571e-12
8.9449985e-09
0.018493399
7.979374e-12
0.13892616
6.4092324e-13
6.952825e-11
0.17016117
0.045885593
0.8793361
0.93087447
0.92480487
0.93559986
0.89640343
0.28877044
6.80256e-08
2.3980284e-08
0.8821908
6.357506e-06
0.104846865
8.542225e-11
4.6404716e-09
0.22013374
1.8995275e-08
6.186592e-05
1.7861553e-10
1.4034046e-05
0.90915966
0.009161909
0.3899037
0.23890162
0.048990123
3.268539e-08
1.5412511e-06
0.041212425
2.0987174e-07
0.11790741
0.9083213
0.0986383
0.03861611
1.3076668e-10
0.13122703
0.12784494
0.2519597
0.34933946
0.15172808
0.041733164
0.08495899
0.25769272
0.2187491
0.8893481
4.602403e-08
0.18483488
0.92719394
0.94246364
0.9552292
0.25757614
0.95101774
0.09794008
0.030156655
0.011085974
1.4317574e-10
9.469757e-13
1.4504274e-08
0.0028537659
7.7327207e-13
0.8827827
0.28050944
0.33027807
0.049812187
9.2471666e-08
0.031178571
0.4077396
0.89700973
0.008413988
0.94056547
0.08729486
0.015012047
0.92193943
0.23695745
0.020972146
5.793814e-10
2.3217366e-08
0.8723319
0.63796914
0.8224548
0.13429181
0.88567436
3.5955443e-07
0.0073476313
0.04695991
0.051578574
0.061825905
5.6412595e-13
8.8165756e-08
0.1864277
0.03385167
0.054022107
0.8218367
0.14813487
0.21858099
0.006084474
0.93124205
0.25686496
0.5386681
0.22029199
0.17004
1.0671505e-05
0.53972435
4.7583743e-11
0.18978201
0.8637474
0.10698854
0.035909005
0.030840863
0.6146865
0.02545418
0.08372902
0.2395783
9.1277363e-10
0.92005736
0.935265
0.09599176
0.1457459
4.488283e-12
0.004784563
0.039560623
0.9422219
0.70186466
3.3449692e-07
0.122589685
9.319521e-07
1.4902127e-05
0.014418245
0.068263724
0.013772418
0.026625108
0.9547388
5.3582103e-09
0.000322062
0.39817268
0.4861773
0.8868015
2.4069054e-11
0.10423919
0.13967508
0.11569894
0.92842627
2.4961316e-10
0.055201784
0.102101475
0.00030371666
0.060831044
1.4969394e-09
0.3346711
0.08098998
0.94410574
0.12414227
0.9182364
0.20646432
0.14035779
1.5267275e-05
0.8803651
6.4889966e-05
2.4026479e-08
0.00029718166
0.90261
0.42507
0.67251825
0.8901045
3.5432456e-07
0.038349688
0.24239112
0.9117313
0.8798736
0.1706646
0.73627436
0.9347693
7.7799066e-11
0.051619723
0.035761576
0.1333351
0.24021047
3.735146e-08
1.2598298e-14
0.17434801
0.12901826
0.7626225
0.2775697
0.03130554
1.1017682e-07
9.44067e-05
4.562162e-09
0.86770934
6.314785e-11
8.738642e-08
0.13762772
1.02795845e-07
6.235997e-13
5.152607e-09
0.0004437097
3.23744e-09
0.10022979
7.835894e-13
0.91740084
6.236266e-11
0.6761579
9.12815e-06
0.13879976
5.6608577e-08
0.86181533
1.5327798e-13
0.33553064
1.4154972e-11
4.1531453e-12
0.1750869
8.376205e-11
0.070829205
0.2887463
2.220836e-08
0.14454436
0.21080062
0.036422975
1.3314332e-07
0.15099601
0.04864002
0.06380459
3.3055667e-08
9.3505314e-08
0.85858965
2.2300266e-11
0.21010469
0.9341242
0.00050430524
2.63396e-08
0.14139472
0.8443751
0.03154334
3.2216615e-11
0.034374703
0.27129832
2.0705154e-13
0.9159363
5.8804808e-08
0.9206658
0.057131127
0.15278132
0.3067369
0.23160344
0.32485735
8.4130434e-08
0.1317854
3.362348e-10
0.07174374
2.323272e-05
2.3276757e-10
0.00015451388
9.790301e-13
0.28543404
0.13975142
0.9035136
0.2902348
0.033077817
7.388123e-08
3.8759637e-07
2.1233209e-05
0.09453747
3.204835e-13
0.07237325
0.95028204
0.42050222
0.1952949
0.9164465
0.94156975
0.24533261
0.10861507
0.9299489
1.0364906e-12
0.14341292
0.45843866
1.8103218e-10
0.15909813
4.890608e-05
0.8191049
4.437939e-12
0.055907194
0.91697264
1.3471414e-08
8.614245e-12
0.06298198
0.21280983
0.03114773
1.1272932e-06
5.6500276e-08
0.2109052
4.2246514e-12
3.625638e-08
0.07670649
0.24610485
0.15164936
7.352571e-08
0.91512275
5.8052187e-06
0.89864063
0.9430217
0.41328248
0.9105484
0.940359
0.14687976
0.894271
0.8868622
0.023353716
0.17125347
0.11907504
0.9024724
6.168406e-08
0.20948438
5.446393e-08
0.1732409
0.95433366
5.8387453e-05
0.36680666
1.193049e-06
0.8869496
4.175913e-06
0.8936727
3.708079e-08
0.59735745
0.00047527795
0.16802251
2.4064236e-06
0.008392992
0.84636337
0.92270344
9.23803e-13
0.21463342
0.3769022
6.0417973e-09
0.00615289
0.19044498
0.7530553
0.02930873
0.22958885
0.053217668
0.046976496
0.072611146
0.52216697
0.12336856
5.862758e-10
0.27307764
5.0517952e-05
0.025354946
0.11749505
0.95449424
0.14398344
7.352067e-08
3.2048985e-07
0.04164788
0.060258403
0.93466663
0.20057324
0.06291031
0.11253187
4.3170393e-12
0.063610606
0.06596265
0.9465387
0.21821296
7.605995e-07
0.12045691
0.22982664
2.09417e-06
0.84160864
0.18732993
0.14577024
0.090376124
1.8428088e-13
0.19875035
4.589838e-13
0.44430748
0.17046373
0.89481455
0.045870595
0.9396764
0.26349574
9.471905e-06
1.80039e-11
1.3759079e-13
0.050604176
0.921564
2.4518926e-07
1.0660815e-05
1.7111796e-07
0.008175582
0.18621445
0.17996398
0.3064732
0.092461735
0.90138733
0.95510894
0.9358775
3.191639e-10
1.8474581e-09
2.4828626e-08
0.018417956
0.9578569
3.682946e-11
1.427447e-09
0.10316998
0.40804997
3.4171297e-09
3.2316099e-09
0.22655481
0.12904732
3.2981283e-12
0.77565354
2.0111052e-08
0.14666852
0.21933363
0.8845484
0.23021598
0.9183577
0.07557746
0.27371538
0.91352224
0.9660944
0.05786785
6.894309e-08
0.10877324
0.012291301
0.39461792
0.11701021
0.20831275
0.3309878
6.0759113e-09
1.5277759e-06
0.03579923
0.33235347
0.92325264
0.9067177
0.94231915
0.09002832
0.27241153
5.0358873e-09
0.028910635
0.9587099
0.8944885
0.8961131
0.23041494
0.09906381
1.1647346e-10
1.1220985e-06
4.6034586e-11
2.5048675e-11
0.042223867
0.89460915
1.765605e-10
0.015032043
3.491244e-05
5.410955e-05
0.023332829
6.860098e-12
0.15579848
0.9431452
2.002579e-10
1.996569e-07
0.04152257
0.31973663
0.078274205
2.51421e-08
0.9215505
1.1698983e-09
1.8299666e-11
0.037278507
0.20976819
1.6516708e-11
2.9159712e-09
0.881484
0.92933965
3.0069097e-05
0.7865154
1.774612e-07
0.95278156
0.04924967
0.23924977
0.08027321
6.555869e-09
5.1484823e-12
0.8996377
7.573788e-06
0.8929767
0.14819181
0.9236487
0.93361694
0.14013062
1.4210009e-09
0.7233761
0.07224148
0.115045376
0.06480958
3.1090492e-06
0.22755842
0.03032073
0.748818
0.18457186
2.86904e-12
3.503712e-10
0.30013126
0.83837897
0.19366142
0.8834928
0.8979391
0.78682977
8.6859527e-11
4.155037e-09
0.9196727
3.7519476e-07
0.21812963
0.93636477
0.9241847
0.047460873
0.016141163
0.09143735
0.03849938
1.1942712e-11
0.12653796
0.8993991
0.22408944
0.276435
0.069942385
0.7953338
0.24823661
0.97037345
1.0872366e-07
0.14200248
0.11408652
0.13278209
0.04416178
0.091840364
0.8763887
0.9680554
0.05788624
0.30584678
0.045718715
4.771357e-13
0.57456326
0.05116395
0.11514381
0.93260795
0.002671476
0.010423291
0.5486336
2.2120087e-06
0.9078757
0.11779851
0.12327063
6.4805075e-12
0.09801252
1.238577e-10
3.2968084e-05
0.17518374
0.022553066
0.04115512
1.5411291e-09
0.8130228
0.100625224
0.1561669
1.3914922e-07
0.8438179
0.23708801
0.84230095
0.18228418
1.067912e-13
0.1257601
0.34382647
0.034646202
2.8499554e-09
0.0583746
0.2014306
0.2193386
0.7945443
0.05089969
0.008343041
0.14076358
0.031912886
0.14419328
4.0181887e-05
0.928109
0.9105166
0.22836678
0.9234831
0.5723087
0.06278169
0.32715717
0.021475283
0.123976834
0.08655147
0.79473627
0.34987685
6.325673e-07
0.16461538
0.8657743
0.9195355
0.9214595
4.1255335e-05
0.10878323
0.09105753
0.15764363
1.6792364e-06
1.3833259e-09
0.10641673
0.06256897
1.3136858e-11
0.0004321581
1.7193553e-07
0.9508244
0.17727935
0.0432977
0.40056056
0.5645472
6.770791e-09
0.94220334
1.4902564e-12
8.1489986e-07
0.104484744
0.36792636
0.49244282
1.2400791e-06
0.87104213
0.17530894
0.19961715
5.443301e-06
0.2507603
0.21281528
0.1092243
0.3899889
0.18493791
1.9849e-10
0.09020076
2.4204935e-06
0.25797606
0.8917083
0.12659875
0.029250238
0.72574025
0.41312563
0.9538874
5.336216e-11
0.8934016
2.4120366e-09
1.26689e-06
0.77213377
0.78275484
0.93322176
0.04811885
0.0033515128
0.050673
5.326957e-06
0.16861916
0.055562038
4.3730338e-07
1.0206958e-12
1.7605633e-07
0.27155572
5.6978314e-11
0.009699761
0.924078
0.66549915
1.0026448e-12
0.9557208
0.00027780863
0.95074266
0.93704945
0.92101586
0.20961589
8.9034265e-06
0.28700107
0.41182312
0.13113871
0.01650723
0.0031590867
0.90803885
0.00030577628
3.341918e-11
4.8760946e-08
0.10436986
6.669103e-08
0.04972192
0.053187605
0.972379
0.103896186
0.24993922
0.11217102
0.93162274
0.12050418
0.111815
0.025192937
0.015906744
0.931291
0.7251173
0.9148363
0.07601529
3.1660974e-08
1.67587e-08
0.10792046
0.12623176
0.05446201
3.4667332e-13
0.24604358
0.0597784
0.24888887
3.8467135e-08
0.04139101
3.0719519e-10
0.9026648
0.041100997
0.91634923
2.0132073e-13
3.4290872e-11
0.031087074
4.7468216e-09
3.569421e-08
0.021501465
0.3037933
2.833843e-11
0.036177278
0.12941486
0.013176457
0.01288768
0.10725403
0.07908587
8.638539e-10
0.762031
1.1285805e-05
0.10597539
0.012254082
0.017216787
5.6228305e-06
2.1237323e-09
0.8711641
5.32916e-07
0.8825912
0.20817143
0.30638105
0.51157695
7.674978e-12
0.027893383
0.555746
0.22257987
0.31569403
0.13101931
0.19611974
0.13773072
0.87168604
3.5384888e-05
1.0667788e-08
0.13192862
2.3267459e-08
5.9314365e-10
0.83104885
0.8569766
0.23426469
0.36708388
0.16656244
0.3087303
0.34421286
1.725001e-10
0.86723006
0.2920446
0.09599252
0.07605638
0.2889423
0.059056856
0.35459948
0.89303184
8.678621e-10
0.7714281
0.06839996
3.8492718e-07
9.948983e-07
0.92723614
1.1404784e-13
3.0219876e-12
0.285462
2.4051706e-05
0.92633915
0.3041261
0.043430362
2.998328e-05
0.95341146
0.13836151
3.4487455e-11
0.079372644
0.92124236
0.13798268
0.91963077
0.07824624
0.35887477
5.2732985e-06
0.4804899
0.7333252
0.08068413
0.0066802176
1.1089634e-06
0.06924384
0.27446705
0.021374302
0.9601231
0.13791269
0.25136274
1.09083844e-11
0.1967677
9.079906e-12
1.5561423e-10
0.9325948
4.9531222e-06
0.05994184
0.12636007
0.1828173
0.9427042
1.2458254e-09
0.90348196
0.15172899
5.255786e-09
0.019731022
0.843607
0.20918922
0.930663
0.1659951
0.045942407
3.5014523e-11
0.00979141
0.332553
0.93524826
3.6208467e-06
0.9256504
0.13418104
0.20151693
9.578082e-08
0.28451654
1.2198532e-11
0.24186866
0.16146977
0.9605452
0.14515007
0.14117543
0.93079793
4.1775506e-06
0.02536614
2.2019966e-10
0.38003793
0.18341105
0.1406147
2.7753344e-05
0.8542746
0.9414697
0.053026114
0.96955854
1.9039492e-08
3.7749427e-07
6.5398956e-13
0.013909185
0.14852612
0.20398687
1.8937286e-08
0.8376345
0.00013328536
0.9298893
0.006105703
4.4774967e-10
0.90800047
4.4648587e-07
0.24687555
0.24347958
0.10417082
1.2812765e-10
0.95337516
5.828576e-09
0.026294744
3.707047e-08
0.97949684
0.08615047
2.6286834e-13
0.40363976
1.3749013e-08
0.5168329
1.42869865e-11
2.9971722e-12
0.07416091
0.024962023
0.057323184
0.91726553
7.661478e-08
0.049024146
0.44306186
0.9483876
0.96257025
0.109822065
2.4303972e-05
5.7948446e-09
0.85950506
0.9407869
0.000110783236
0.26376224
0.058990262
0.22607325
0.027387282
0.016459327
0.0002446374
0.9649012
0.13096094
0.17372839
0.052886587
0.9386765
0.15646192
0.2345723
0.2839571
0.104213975
0.029126199
0.21853255
0.9374734
2.7018496e-06
3.330975e-07
0.90308833
4.833919e-10
0.19208927
0.0002661955
7.1663526e-06
0.32001027
0.2555961
0.12564835
1.6104705e-07
0.07442682
0.13035785
0.0038643104
1.724608e-08
9.996507e-13
1.1146486e-12
6.165389e-14
7.9744063e-07
0.1583443
1.8492853e-08
0.06495678
0.11542453
0.96337056
0.15395454
0.13379957
1.1676339e-06
0.18926656
0.18162106
4.05856e-07
0.08879302
0.09815242
0.9201958
9.402414e-08
0.084685035
3.6184467e-08
0.073725015
6.652752e-12
0.030650567
2.349661e-11
0.9111492
4.520897e-12
0.9479572
9.176688e-09
0.012802911
0.2273611
1.5493506e-06
0.9299273
0.9250626
7.0242276e-12
2.51462e-10
0.8441053
0.15452486
0.08139624
0.96052283
8.5554454e-08
0.075843126
0.0797091
1.5142759e-05
2.424565e-12
0.21130753
0.10062155
